--
-- PostgreSQL database dump
--

SET statement_timeout = 0;
SET client_encoding = 'UTF8';
SET standard_conforming_strings = on;
SET check_function_bodies = false;
SET client_min_messages = warning;

--
-- Name: plpgsql; Type: EXTENSION; Schema: -; Owner: 
--

CREATE EXTENSION IF NOT EXISTS plpgsql WITH SCHEMA pg_catalog;


--
-- Name: EXTENSION plpgsql; Type: COMMENT; Schema: -; Owner: 
--

COMMENT ON EXTENSION plpgsql IS 'PL/pgSQL procedural language';


--
-- Name: postgis; Type: EXTENSION; Schema: -; Owner: 
--

CREATE EXTENSION IF NOT EXISTS postgis WITH SCHEMA public;


--
-- Name: EXTENSION postgis; Type: COMMENT; Schema: -; Owner: 
--

COMMENT ON EXTENSION postgis IS 'PostGIS geometry, geography, and raster spatial types and functions';


SET search_path = public, pg_catalog;

SET default_tablespace = '';

SET default_with_oids = false;

--
-- Name: auth_group; Type: TABLE; Schema: public; Owner: postgres; Tablespace: 
--

CREATE TABLE auth_group (
    id integer NOT NULL,
    name character varying(80) NOT NULL
);


ALTER TABLE public.auth_group OWNER TO postgres;

--
-- Name: auth_group_id_seq; Type: SEQUENCE; Schema: public; Owner: postgres
--

CREATE SEQUENCE auth_group_id_seq
    START WITH 1
    INCREMENT BY 1
    NO MINVALUE
    NO MAXVALUE
    CACHE 1;


ALTER TABLE public.auth_group_id_seq OWNER TO postgres;

--
-- Name: auth_group_id_seq; Type: SEQUENCE OWNED BY; Schema: public; Owner: postgres
--

ALTER SEQUENCE auth_group_id_seq OWNED BY auth_group.id;


--
-- Name: auth_group_permissions; Type: TABLE; Schema: public; Owner: postgres; Tablespace: 
--

CREATE TABLE auth_group_permissions (
    id integer NOT NULL,
    group_id integer NOT NULL,
    permission_id integer NOT NULL
);


ALTER TABLE public.auth_group_permissions OWNER TO postgres;

--
-- Name: auth_group_permissions_id_seq; Type: SEQUENCE; Schema: public; Owner: postgres
--

CREATE SEQUENCE auth_group_permissions_id_seq
    START WITH 1
    INCREMENT BY 1
    NO MINVALUE
    NO MAXVALUE
    CACHE 1;


ALTER TABLE public.auth_group_permissions_id_seq OWNER TO postgres;

--
-- Name: auth_group_permissions_id_seq; Type: SEQUENCE OWNED BY; Schema: public; Owner: postgres
--

ALTER SEQUENCE auth_group_permissions_id_seq OWNED BY auth_group_permissions.id;


--
-- Name: auth_permission; Type: TABLE; Schema: public; Owner: postgres; Tablespace: 
--

CREATE TABLE auth_permission (
    id integer NOT NULL,
    name character varying(255) NOT NULL,
    content_type_id integer NOT NULL,
    codename character varying(100) NOT NULL
);


ALTER TABLE public.auth_permission OWNER TO postgres;

--
-- Name: auth_permission_id_seq; Type: SEQUENCE; Schema: public; Owner: postgres
--

CREATE SEQUENCE auth_permission_id_seq
    START WITH 1
    INCREMENT BY 1
    NO MINVALUE
    NO MAXVALUE
    CACHE 1;


ALTER TABLE public.auth_permission_id_seq OWNER TO postgres;

--
-- Name: auth_permission_id_seq; Type: SEQUENCE OWNED BY; Schema: public; Owner: postgres
--

ALTER SEQUENCE auth_permission_id_seq OWNED BY auth_permission.id;


--
-- Name: django_admin_log; Type: TABLE; Schema: public; Owner: postgres; Tablespace: 
--

CREATE TABLE django_admin_log (
    id integer NOT NULL,
    action_time timestamp with time zone NOT NULL,
    object_id text,
    object_repr character varying(200) NOT NULL,
    action_flag smallint NOT NULL,
    change_message text NOT NULL,
    content_type_id integer,
    user_id integer NOT NULL,
    CONSTRAINT django_admin_log_action_flag_check CHECK ((action_flag >= 0))
);


ALTER TABLE public.django_admin_log OWNER TO postgres;

--
-- Name: django_admin_log_id_seq; Type: SEQUENCE; Schema: public; Owner: postgres
--

CREATE SEQUENCE django_admin_log_id_seq
    START WITH 1
    INCREMENT BY 1
    NO MINVALUE
    NO MAXVALUE
    CACHE 1;


ALTER TABLE public.django_admin_log_id_seq OWNER TO postgres;

--
-- Name: django_admin_log_id_seq; Type: SEQUENCE OWNED BY; Schema: public; Owner: postgres
--

ALTER SEQUENCE django_admin_log_id_seq OWNED BY django_admin_log.id;


--
-- Name: django_content_type; Type: TABLE; Schema: public; Owner: postgres; Tablespace: 
--

CREATE TABLE django_content_type (
    id integer NOT NULL,
    app_label character varying(100) NOT NULL,
    model character varying(100) NOT NULL
);


ALTER TABLE public.django_content_type OWNER TO postgres;

--
-- Name: django_content_type_id_seq; Type: SEQUENCE; Schema: public; Owner: postgres
--

CREATE SEQUENCE django_content_type_id_seq
    START WITH 1
    INCREMENT BY 1
    NO MINVALUE
    NO MAXVALUE
    CACHE 1;


ALTER TABLE public.django_content_type_id_seq OWNER TO postgres;

--
-- Name: django_content_type_id_seq; Type: SEQUENCE OWNED BY; Schema: public; Owner: postgres
--

ALTER SEQUENCE django_content_type_id_seq OWNED BY django_content_type.id;


--
-- Name: django_migrations; Type: TABLE; Schema: public; Owner: postgres; Tablespace: 
--

CREATE TABLE django_migrations (
    id integer NOT NULL,
    app character varying(255) NOT NULL,
    name character varying(255) NOT NULL,
    applied timestamp with time zone NOT NULL
);


ALTER TABLE public.django_migrations OWNER TO postgres;

--
-- Name: django_migrations_id_seq; Type: SEQUENCE; Schema: public; Owner: postgres
--

CREATE SEQUENCE django_migrations_id_seq
    START WITH 1
    INCREMENT BY 1
    NO MINVALUE
    NO MAXVALUE
    CACHE 1;


ALTER TABLE public.django_migrations_id_seq OWNER TO postgres;

--
-- Name: django_migrations_id_seq; Type: SEQUENCE OWNED BY; Schema: public; Owner: postgres
--

ALTER SEQUENCE django_migrations_id_seq OWNED BY django_migrations.id;


--
-- Name: django_session; Type: TABLE; Schema: public; Owner: postgres; Tablespace: 
--

CREATE TABLE django_session (
    session_key character varying(40) NOT NULL,
    session_data text NOT NULL,
    expire_date timestamp with time zone NOT NULL
);


ALTER TABLE public.django_session OWNER TO postgres;

--
-- Name: linea_linea; Type: TABLE; Schema: public; Owner: postgres; Tablespace: 
--

CREATE TABLE linea_linea (
    id integer NOT NULL,
    numero character varying(10) NOT NULL,
    empresa character varying(60) NOT NULL
);


ALTER TABLE public.linea_linea OWNER TO postgres;

--
-- Name: linea_linea_id_seq; Type: SEQUENCE; Schema: public; Owner: postgres
--

CREATE SEQUENCE linea_linea_id_seq
    START WITH 1
    INCREMENT BY 1
    NO MINVALUE
    NO MAXVALUE
    CACHE 1;


ALTER TABLE public.linea_linea_id_seq OWNER TO postgres;

--
-- Name: linea_linea_id_seq; Type: SEQUENCE OWNED BY; Schema: public; Owner: postgres
--

ALTER SEQUENCE linea_linea_id_seq OWNED BY linea_linea.id;


--
-- Name: novedad_novedad; Type: TABLE; Schema: public; Owner: postgres; Tablespace: 
--

CREATE TABLE novedad_novedad (
    id integer NOT NULL,
    creado timestamp with time zone NOT NULL,
    modificado timestamp with time zone NOT NULL,
    fecha timestamp with time zone NOT NULL,
    titulo character varying(60) NOT NULL,
    descripcion text NOT NULL,
    creado_por_id integer NOT NULL,
    linea_id integer NOT NULL
);


ALTER TABLE public.novedad_novedad OWNER TO postgres;

--
-- Name: novedad_novedad_id_seq; Type: SEQUENCE; Schema: public; Owner: postgres
--

CREATE SEQUENCE novedad_novedad_id_seq
    START WITH 1
    INCREMENT BY 1
    NO MINVALUE
    NO MAXVALUE
    CACHE 1;


ALTER TABLE public.novedad_novedad_id_seq OWNER TO postgres;

--
-- Name: novedad_novedad_id_seq; Type: SEQUENCE OWNED BY; Schema: public; Owner: postgres
--

ALTER SEQUENCE novedad_novedad_id_seq OWNED BY novedad_novedad.id;


--
-- Name: parada_parada; Type: TABLE; Schema: public; Owner: postgres; Tablespace: 
--

CREATE TABLE parada_parada (
    id integer NOT NULL,
    codigo character varying(60) NOT NULL,
    ubicacion geometry(Point,4326),
    linea_id integer NOT NULL,
    descripcion character varying(200),
    ruta_id integer
);


ALTER TABLE public.parada_parada OWNER TO postgres;

--
-- Name: parada_parada_id_seq; Type: SEQUENCE; Schema: public; Owner: postgres
--

CREATE SEQUENCE parada_parada_id_seq
    START WITH 1
    INCREMENT BY 1
    NO MINVALUE
    NO MAXVALUE
    CACHE 1;


ALTER TABLE public.parada_parada_id_seq OWNER TO postgres;

--
-- Name: parada_parada_id_seq; Type: SEQUENCE OWNED BY; Schema: public; Owner: postgres
--

ALTER SEQUENCE parada_parada_id_seq OWNED BY parada_parada.id;


--
-- Name: reclamo_reclamo; Type: TABLE; Schema: public; Owner: postgres; Tablespace: 
--

CREATE TABLE reclamo_reclamo (
    id integer NOT NULL,
    creado timestamp with time zone NOT NULL,
    modificado timestamp with time zone NOT NULL,
    fecha date NOT NULL,
    foto character varying(100) NOT NULL,
    descripcion character varying(130) NOT NULL,
    creado_por_id integer NOT NULL,
    linea_id integer NOT NULL
);


ALTER TABLE public.reclamo_reclamo OWNER TO postgres;

--
-- Name: reclamo_reclamo_id_seq; Type: SEQUENCE; Schema: public; Owner: postgres
--

CREATE SEQUENCE reclamo_reclamo_id_seq
    START WITH 1
    INCREMENT BY 1
    NO MINVALUE
    NO MAXVALUE
    CACHE 1;


ALTER TABLE public.reclamo_reclamo_id_seq OWNER TO postgres;

--
-- Name: reclamo_reclamo_id_seq; Type: SEQUENCE OWNED BY; Schema: public; Owner: postgres
--

ALTER SEQUENCE reclamo_reclamo_id_seq OWNED BY reclamo_reclamo.id;


--
-- Name: ruta_ruta; Type: TABLE; Schema: public; Owner: postgres; Tablespace: 
--

CREATE TABLE ruta_ruta (
    id integer NOT NULL,
    ruta geometry(LineString,4326) NOT NULL,
    linea_id integer NOT NULL,
    ramal character varying(60)
);


ALTER TABLE public.ruta_ruta OWNER TO postgres;

--
-- Name: ruta_ruta_id_seq; Type: SEQUENCE; Schema: public; Owner: postgres
--

CREATE SEQUENCE ruta_ruta_id_seq
    START WITH 1
    INCREMENT BY 1
    NO MINVALUE
    NO MAXVALUE
    CACHE 1;


ALTER TABLE public.ruta_ruta_id_seq OWNER TO postgres;

--
-- Name: ruta_ruta_id_seq; Type: SEQUENCE OWNED BY; Schema: public; Owner: postgres
--

ALTER SEQUENCE ruta_ruta_id_seq OWNED BY ruta_ruta.id;


--
-- Name: usuarios_usuario; Type: TABLE; Schema: public; Owner: postgres; Tablespace: 
--

CREATE TABLE usuarios_usuario (
    id integer NOT NULL,
    password character varying(128) NOT NULL,
    last_login timestamp with time zone,
    is_superuser boolean NOT NULL,
    username character varying(150) NOT NULL,
    first_name character varying(30) NOT NULL,
    last_name character varying(150) NOT NULL,
    email character varying(254) NOT NULL,
    is_staff boolean NOT NULL,
    is_active boolean NOT NULL,
    date_joined timestamp with time zone NOT NULL,
    dni character varying(8) NOT NULL
);


ALTER TABLE public.usuarios_usuario OWNER TO postgres;

--
-- Name: usuarios_usuario_groups; Type: TABLE; Schema: public; Owner: postgres; Tablespace: 
--

CREATE TABLE usuarios_usuario_groups (
    id integer NOT NULL,
    usuario_id integer NOT NULL,
    group_id integer NOT NULL
);


ALTER TABLE public.usuarios_usuario_groups OWNER TO postgres;

--
-- Name: usuarios_usuario_groups_id_seq; Type: SEQUENCE; Schema: public; Owner: postgres
--

CREATE SEQUENCE usuarios_usuario_groups_id_seq
    START WITH 1
    INCREMENT BY 1
    NO MINVALUE
    NO MAXVALUE
    CACHE 1;


ALTER TABLE public.usuarios_usuario_groups_id_seq OWNER TO postgres;

--
-- Name: usuarios_usuario_groups_id_seq; Type: SEQUENCE OWNED BY; Schema: public; Owner: postgres
--

ALTER SEQUENCE usuarios_usuario_groups_id_seq OWNED BY usuarios_usuario_groups.id;


--
-- Name: usuarios_usuario_id_seq; Type: SEQUENCE; Schema: public; Owner: postgres
--

CREATE SEQUENCE usuarios_usuario_id_seq
    START WITH 1
    INCREMENT BY 1
    NO MINVALUE
    NO MAXVALUE
    CACHE 1;


ALTER TABLE public.usuarios_usuario_id_seq OWNER TO postgres;

--
-- Name: usuarios_usuario_id_seq; Type: SEQUENCE OWNED BY; Schema: public; Owner: postgres
--

ALTER SEQUENCE usuarios_usuario_id_seq OWNED BY usuarios_usuario.id;


--
-- Name: usuarios_usuario_user_permissions; Type: TABLE; Schema: public; Owner: postgres; Tablespace: 
--

CREATE TABLE usuarios_usuario_user_permissions (
    id integer NOT NULL,
    usuario_id integer NOT NULL,
    permission_id integer NOT NULL
);


ALTER TABLE public.usuarios_usuario_user_permissions OWNER TO postgres;

--
-- Name: usuarios_usuario_user_permissions_id_seq; Type: SEQUENCE; Schema: public; Owner: postgres
--

CREATE SEQUENCE usuarios_usuario_user_permissions_id_seq
    START WITH 1
    INCREMENT BY 1
    NO MINVALUE
    NO MAXVALUE
    CACHE 1;


ALTER TABLE public.usuarios_usuario_user_permissions_id_seq OWNER TO postgres;

--
-- Name: usuarios_usuario_user_permissions_id_seq; Type: SEQUENCE OWNED BY; Schema: public; Owner: postgres
--

ALTER SEQUENCE usuarios_usuario_user_permissions_id_seq OWNED BY usuarios_usuario_user_permissions.id;


--
-- Name: id; Type: DEFAULT; Schema: public; Owner: postgres
--

ALTER TABLE ONLY auth_group ALTER COLUMN id SET DEFAULT nextval('auth_group_id_seq'::regclass);


--
-- Name: id; Type: DEFAULT; Schema: public; Owner: postgres
--

ALTER TABLE ONLY auth_group_permissions ALTER COLUMN id SET DEFAULT nextval('auth_group_permissions_id_seq'::regclass);


--
-- Name: id; Type: DEFAULT; Schema: public; Owner: postgres
--

ALTER TABLE ONLY auth_permission ALTER COLUMN id SET DEFAULT nextval('auth_permission_id_seq'::regclass);


--
-- Name: id; Type: DEFAULT; Schema: public; Owner: postgres
--

ALTER TABLE ONLY django_admin_log ALTER COLUMN id SET DEFAULT nextval('django_admin_log_id_seq'::regclass);


--
-- Name: id; Type: DEFAULT; Schema: public; Owner: postgres
--

ALTER TABLE ONLY django_content_type ALTER COLUMN id SET DEFAULT nextval('django_content_type_id_seq'::regclass);


--
-- Name: id; Type: DEFAULT; Schema: public; Owner: postgres
--

ALTER TABLE ONLY django_migrations ALTER COLUMN id SET DEFAULT nextval('django_migrations_id_seq'::regclass);


--
-- Name: id; Type: DEFAULT; Schema: public; Owner: postgres
--

ALTER TABLE ONLY linea_linea ALTER COLUMN id SET DEFAULT nextval('linea_linea_id_seq'::regclass);


--
-- Name: id; Type: DEFAULT; Schema: public; Owner: postgres
--

ALTER TABLE ONLY novedad_novedad ALTER COLUMN id SET DEFAULT nextval('novedad_novedad_id_seq'::regclass);


--
-- Name: id; Type: DEFAULT; Schema: public; Owner: postgres
--

ALTER TABLE ONLY parada_parada ALTER COLUMN id SET DEFAULT nextval('parada_parada_id_seq'::regclass);


--
-- Name: id; Type: DEFAULT; Schema: public; Owner: postgres
--

ALTER TABLE ONLY reclamo_reclamo ALTER COLUMN id SET DEFAULT nextval('reclamo_reclamo_id_seq'::regclass);


--
-- Name: id; Type: DEFAULT; Schema: public; Owner: postgres
--

ALTER TABLE ONLY ruta_ruta ALTER COLUMN id SET DEFAULT nextval('ruta_ruta_id_seq'::regclass);


--
-- Name: id; Type: DEFAULT; Schema: public; Owner: postgres
--

ALTER TABLE ONLY usuarios_usuario ALTER COLUMN id SET DEFAULT nextval('usuarios_usuario_id_seq'::regclass);


--
-- Name: id; Type: DEFAULT; Schema: public; Owner: postgres
--

ALTER TABLE ONLY usuarios_usuario_groups ALTER COLUMN id SET DEFAULT nextval('usuarios_usuario_groups_id_seq'::regclass);


--
-- Name: id; Type: DEFAULT; Schema: public; Owner: postgres
--

ALTER TABLE ONLY usuarios_usuario_user_permissions ALTER COLUMN id SET DEFAULT nextval('usuarios_usuario_user_permissions_id_seq'::regclass);


--
-- Data for Name: auth_group; Type: TABLE DATA; Schema: public; Owner: postgres
--

COPY auth_group (id, name) FROM stdin;
\.


--
-- Name: auth_group_id_seq; Type: SEQUENCE SET; Schema: public; Owner: postgres
--

SELECT pg_catalog.setval('auth_group_id_seq', 1, false);


--
-- Data for Name: auth_group_permissions; Type: TABLE DATA; Schema: public; Owner: postgres
--

COPY auth_group_permissions (id, group_id, permission_id) FROM stdin;
\.


--
-- Name: auth_group_permissions_id_seq; Type: SEQUENCE SET; Schema: public; Owner: postgres
--

SELECT pg_catalog.setval('auth_group_permissions_id_seq', 1, false);


--
-- Data for Name: auth_permission; Type: TABLE DATA; Schema: public; Owner: postgres
--

COPY auth_permission (id, name, content_type_id, codename) FROM stdin;
1	Can add log entry	1	add_logentry
2	Can change log entry	1	change_logentry
3	Can delete log entry	1	delete_logentry
4	Can view log entry	1	view_logentry
5	Can add permission	2	add_permission
6	Can change permission	2	change_permission
7	Can delete permission	2	delete_permission
8	Can view permission	2	view_permission
9	Can add group	3	add_group
10	Can change group	3	change_group
11	Can delete group	3	delete_group
12	Can view group	3	view_group
13	Can add content type	4	add_contenttype
14	Can change content type	4	change_contenttype
15	Can delete content type	4	delete_contenttype
16	Can view content type	4	view_contenttype
17	Can add session	5	add_session
18	Can change session	5	change_session
19	Can delete session	5	delete_session
20	Can view session	5	view_session
21	Can add reclamo	6	add_reclamo
22	Can change reclamo	6	change_reclamo
23	Can delete reclamo	6	delete_reclamo
24	Can view reclamo	6	view_reclamo
25	Can add linea	7	add_linea
26	Can change linea	7	change_linea
27	Can delete linea	7	delete_linea
28	Can view linea	7	view_linea
29	Can add user	8	add_usuario
30	Can change user	8	change_usuario
31	Can delete user	8	delete_usuario
32	Can view user	8	view_usuario
33	Can add novedad	9	add_novedad
34	Can change novedad	9	change_novedad
35	Can delete novedad	9	delete_novedad
36	Can view novedad	9	view_novedad
37	Can add ruta	10	add_ruta
38	Can change ruta	10	change_ruta
39	Can delete ruta	10	delete_ruta
40	Can view ruta	10	view_ruta
41	Can add parada	11	add_parada
42	Can change parada	11	change_parada
43	Can delete parada	11	delete_parada
44	Can view parada	11	view_parada
\.


--
-- Name: auth_permission_id_seq; Type: SEQUENCE SET; Schema: public; Owner: postgres
--

SELECT pg_catalog.setval('auth_permission_id_seq', 44, true);


--
-- Data for Name: django_admin_log; Type: TABLE DATA; Schema: public; Owner: postgres
--

COPY django_admin_log (id, action_time, object_id, object_repr, action_flag, change_message, content_type_id, user_id) FROM stdin;
1	2019-01-21 21:10:37.589017+00	1	linea  105	1	[{"added": {}}]	7	1
2	2019-01-21 21:11:06.295012+00	1	Novedad object (1)	1	[{"added": {}}]	9	1
3	2019-01-21 22:56:28.585181+00	1	linea  105	3		7	1
4	2019-01-21 23:07:05.270231+00	2	Novedad object (2)	1	[{"added": {}}]	9	1
5	2019-01-21 23:08:14.95297+00	3	Novedad object (3)	1	[{"added": {}}]	9	1
\.


--
-- Name: django_admin_log_id_seq; Type: SEQUENCE SET; Schema: public; Owner: postgres
--

SELECT pg_catalog.setval('django_admin_log_id_seq', 5, true);


--
-- Data for Name: django_content_type; Type: TABLE DATA; Schema: public; Owner: postgres
--

COPY django_content_type (id, app_label, model) FROM stdin;
1	admin	logentry
2	auth	permission
3	auth	group
4	contenttypes	contenttype
5	sessions	session
6	reclamo	reclamo
7	linea	linea
8	usuarios	usuario
9	novedad	novedad
10	ruta	ruta
11	parada	parada
\.


--
-- Name: django_content_type_id_seq; Type: SEQUENCE SET; Schema: public; Owner: postgres
--

SELECT pg_catalog.setval('django_content_type_id_seq', 11, true);


--
-- Data for Name: django_migrations; Type: TABLE DATA; Schema: public; Owner: postgres
--

COPY django_migrations (id, app, name, applied) FROM stdin;
1	contenttypes	0001_initial	2019-01-14 22:37:30.698916+00
2	contenttypes	0002_remove_content_type_name	2019-01-14 22:37:30.712778+00
3	auth	0001_initial	2019-01-14 22:37:30.750857+00
4	auth	0002_alter_permission_name_max_length	2019-01-14 22:37:30.758187+00
5	auth	0003_alter_user_email_max_length	2019-01-14 22:37:30.76524+00
6	auth	0004_alter_user_username_opts	2019-01-14 22:37:30.772359+00
7	auth	0005_alter_user_last_login_null	2019-01-14 22:37:30.779467+00
8	auth	0006_require_contenttypes_0002	2019-01-14 22:37:30.781398+00
9	auth	0007_alter_validators_add_error_messages	2019-01-14 22:37:30.788498+00
10	auth	0008_alter_user_username_max_length	2019-01-14 22:37:30.795576+00
11	auth	0009_alter_user_last_name_max_length	2019-01-14 22:37:30.802461+00
12	usuarios	0001_initial	2019-01-14 22:37:30.841867+00
13	admin	0001_initial	2019-01-14 22:37:30.865842+00
14	admin	0002_logentry_remove_auto_add	2019-01-14 22:37:30.875806+00
15	admin	0003_logentry_add_action_flag_choices	2019-01-14 22:37:30.885386+00
16	linea	0001_initial	2019-01-14 22:37:30.892359+00
17	linea	0002_auto_20181010_1059	2019-01-14 22:37:30.90029+00
18	novedad	0001_initial	2019-01-14 22:37:30.921527+00
19	novedad	0002_auto_20181010_1100	2019-01-14 22:37:30.935122+00
20	novedad	0003_auto_20181010_1128	2019-01-14 22:37:30.965247+00
21	ruta	0001_initial	2019-01-14 22:37:30.988272+00
22	ruta	0002_ruta_ramal	2019-01-14 22:37:30.995161+00
23	parada	0001_initial	2019-01-14 22:37:31.016875+00
24	parada	0002_auto_20181219_1927	2019-01-14 22:37:31.039677+00
25	reclamo	0001_initial	2019-01-14 22:37:31.047425+00
26	reclamo	0002_auto_20180523_1116	2019-01-14 22:37:31.083485+00
27	sessions	0001_initial	2019-01-14 22:37:31.094732+00
\.


--
-- Name: django_migrations_id_seq; Type: SEQUENCE SET; Schema: public; Owner: postgres
--

SELECT pg_catalog.setval('django_migrations_id_seq', 27, true);


--
-- Data for Name: django_session; Type: TABLE DATA; Schema: public; Owner: postgres
--

COPY django_session (session_key, session_data, expire_date) FROM stdin;
cr0pknjmkpix2whun3zzcjkf3of1137z	NDc1ZTI4OWJhY2U5YjZjZWM0ZDBhYzhjYTBjYWNmN2RmOWU5MDJhNzp7Il9hdXRoX3VzZXJfaWQiOiIzIiwiX2F1dGhfdXNlcl9iYWNrZW5kIjoiZGphbmdvLmNvbnRyaWIuYXV0aC5iYWNrZW5kcy5Nb2RlbEJhY2tlbmQiLCJfYXV0aF91c2VyX2hhc2giOiI4NTJiMTQ1ZTMyOGJlNWQyNTYxYWM2ZWY0YzY3YTVlNThjZjJjM2JiIn0=	2019-04-29 22:49:06.122638+00
k3gf1he63zczocmdkbv7nf1pz71x31es	NTA1MjFiMWQzOTEyYTI3NWQxYTkxMjcyOWFiNTlmOTU0MjllZDM1Yjp7Il9hdXRoX3VzZXJfaWQiOiIxIiwiX2F1dGhfdXNlcl9iYWNrZW5kIjoiZGphbmdvLmNvbnRyaWIuYXV0aC5iYWNrZW5kcy5Nb2RlbEJhY2tlbmQiLCJfYXV0aF91c2VyX2hhc2giOiI3OGUxMmE3NTUzZDU4OGFjNGI0Y2E5MzY4M2RmZTNhM2NlODk2OTYxIn0=	2019-02-04 23:08:15.493008+00
kuf1bdacpamc3hibd5ufz55irmkaucyl	NTA1MjFiMWQzOTEyYTI3NWQxYTkxMjcyOWFiNTlmOTU0MjllZDM1Yjp7Il9hdXRoX3VzZXJfaWQiOiIxIiwiX2F1dGhfdXNlcl9iYWNrZW5kIjoiZGphbmdvLmNvbnRyaWIuYXV0aC5iYWNrZW5kcy5Nb2RlbEJhY2tlbmQiLCJfYXV0aF91c2VyX2hhc2giOiI3OGUxMmE3NTUzZDU4OGFjNGI0Y2E5MzY4M2RmZTNhM2NlODk2OTYxIn0=	2019-02-06 23:28:54.140967+00
\.


--
-- Data for Name: linea_linea; Type: TABLE DATA; Schema: public; Owner: postgres
--

COPY linea_linea (id, numero, empresa) FROM stdin;
1	5	San Fernando Urbanos S.R.L
3	8	Tiro Federal de Resistencia S.R.L.
4	12	Tiro Federal de Resistencia S.R.L.
5	101	ERSA Urbano S.A.
6	104	ERSA Urbano S.A.
7	106	ERSA Urbano S.A.
8	9	UTE
9	107	La Cordial S.R.L.
10	3	San Fernando Urbanos S.R.L
11	110	Ataco Norte S.A.
12	111	Micro Bus S.R.L.
13	122	Buses Mercedes S.R.L.
2	2	1º de Enero S.R.L.
\.


--
-- Name: linea_linea_id_seq; Type: SEQUENCE SET; Schema: public; Owner: postgres
--

SELECT pg_catalog.setval('linea_linea_id_seq', 1, true);


--
-- Data for Name: novedad_novedad; Type: TABLE DATA; Schema: public; Owner: postgres
--

COPY novedad_novedad (id, creado, modificado, fecha, titulo, descripcion, creado_por_id, linea_id) FROM stdin;
2	2019-01-21 23:07:05.269336+00	2019-01-21 23:07:05.269358+00	2019-01-21 23:06:31+00	9 de julio cortada	Piqueteros abusando del poder	1	3
3	2019-01-21 23:08:14.952201+00	2019-01-21 23:08:14.952225+00	2019-01-21 23:07:09+00	Paror de colectivos	Solamente de linea 107, estan reclamando el sueldo de hace 5 meses, bono de fin de año, sidra, pan dulce.	1	9
\.


--
-- Name: novedad_novedad_id_seq; Type: SEQUENCE SET; Schema: public; Owner: postgres
--

SELECT pg_catalog.setval('novedad_novedad_id_seq', 3, true);


--
-- Data for Name: parada_parada; Type: TABLE DATA; Schema: public; Owner: postgres
--

COPY parada_parada (id, codigo, ubicacion, linea_id, descripcion, ruta_id) FROM stdin;
3	U4000	0101000020E610000032755776C17E4DC0B876A22424663BC0	4	MARGARITA BELEN Y LA LEONESA	3
4	U4010	0101000020E6100000EC87D860E17E4DC01DAB949EE9653BC0	4	EL SAUZALITO Y VILLA BERTHET	3
5	U4020	0101000020E61000006F0ED76A0F7F4DC0C7F5EFFACC653BC0	4	EL SAUZALITO Y MACHAGAI	3
6	U4030	0101000020E610000007962364207F4DC0AAF23D2311663BC0	4	MACHAGAI Y LA LEONESA	3
7	U4040	0101000020E610000032FFE89B347F4DC0527C7C4276663BC0	4	MACHAGAI Y CORZUELA	3
8	U4050	0101000020E6100000AD6D8AC7457F4DC0BAF94674CF663BC0	4	MACHAGAI Y SANTA SILVINA	3
9	U4060	0101000020E6100000593673486A7F4DC04818062CB9663BC0	4	SANTA SILVINA Y MAKALLE	3
10	U4070	0101000020E6100000F9DB9E20B17F4DC0E99B340D8A663BC0	4	SANTA SILVINA Y RUTA NAC. 11	3
11	U4080	0101000020E61000001A506F46CD7F4DC0CC0C1B65FD663BC0	4	RUTA NAC. 11 Y MARTINA PEDRO	3
12	U4090	0101000020E61000009E0AB8E7F97F4DC0D3DD7536E4673BC0	4	RUTA NAC. 11 Y ORCOLA EDUARDO (CRISANTEMO	4
13	U4090	0101000020E61000009E0AB8E7F97F4DC0D3DD7536E4673BC0	4	RUTA NAC. 11 Y ORCOLA EDUARDO (CRISANTEMO	3
14	U4100	0101000020E61000004B1E4FCB0F804DC0BA86191A4F683BC0	4	RUTA 11 KM 1008.7	4
15	U4100	0101000020E61000004B1E4FCB0F804DC0BA86191A4F683BC0	4	RUTA 11 KM 1008.7	3
16	U4110	0101000020E61000008F006E162F804DC0744012F6ED683BC0	4	RUTA NACIONAL 11 KM 1008.1	4
17	U4110	0101000020E61000008F006E162F804DC0744012F6ED683BC0	4	RUTA NACIONAL 11 KM 1008.1	3
18	U4120	0101000020E6100000C972124A5F804DC05F7D3CF4DD693BC0	4	RUTA NACIONAL 11 KM 1007.9	4
19	U4120	0101000020E6100000C972124A5F804DC05F7D3CF4DD693BC0	4	RUTA NACIONAL 11 KM 1007.9	3
20	U4130	0101000020E61000002A8BC22E8A804DC03866D993C06A3BC0	4	RUTA NACIONAL 11 KM 1007.5	4
21	U4130	0101000020E61000002A8BC22E8A804DC03866D993C06A3BC0	4	RUTA NACIONAL 11 KM 1007.5	3
22	U4140	0101000020E61000002DEC6987BF804DC05F0A0F9A5D6B3BC0	4	RUTA NAC. 11 Y AV. LAVALLE	4
23	U4140	0101000020E61000002DEC6987BF804DC05F0A0F9A5D6B3BC0	4	RUTA NAC. 11 Y AV. LAVALLE	3
24	U4150	0101000020E6100000D3BCE3141D814DC05EF75624266C3BC0	4	RUTA NACIONAL 11 KM 1006.5	4
25	U4150	0101000020E6100000D3BCE3141D814DC05EF75624266C3BC0	4	RUTA NACIONAL 11 KM 1006.5	3
26	U4160	0101000020E6100000923B6C2233814DC0289D4830D56C3BC0	4	RUTA NACIONAL 11 KM 1006.1	4
27	U4160	0101000020E6100000923B6C2233814DC0289D4830D56C3BC0	4	RUTA NACIONAL 11 KM 1006.1	3
28	U4170	0101000020E61000003509DE9046814DC0F6EE8FF7AA6D3BC0	4	RUTA NACIONAL 11 Y CALLE VILLA ELBA	4
29	U4170	0101000020E61000003509DE9046814DC0F6EE8FF7AA6D3BC0	4	RUTA NACIONAL 11 Y CALLE VILLA ELBA	3
30	U4180	0101000020E6100000D3F6AFAC34814DC0753FA7203F6F3BC0	4	AV. 25 DE MAYO (ACCESO Y PEREYRA	4
31	U4180	0101000020E6100000D3F6AFAC34814DC0753FA7203F6F3BC0	4	AV. 25 DE MAYO (ACCESO Y PEREYRA	3
32	U4190	0101000020E6100000BB6070CD1D814DC00D8D2782386F3BC0	4	AV. 25 DE MAYO Y JUAN DOMINGO PERON	4
33	U4190	0101000020E6100000BB6070CD1D814DC00D8D2782386F3BC0	4	AV. 25 DE MAYO Y JUAN DOMINGO PERON	3
34	U4200	0101000020E610000032CC09DAE4804DC08B338639416F3BC0	4	AV. 25 DE MAYO Y JULIO ARGENTINO ROCA	4
35	U4200	0101000020E610000032CC09DAE4804DC08B338639416F3BC0	4	AV. 25 DE MAYO Y JULIO ARGENTINO ROCA	3
36	U4210	0101000020E6100000E1B6B6F0BC804DC06A6798DA526F3BC0	4	AV. 25 DE MAYO Y BRIGNOLES SUR	4
37	U4210	0101000020E6100000E1B6B6F0BC804DC06A6798DA526F3BC0	4	AV. 25 DE MAYO Y BRIGNOLES SUR	3
38	U4220	0101000020E6100000C3BB5CC477804DC0D2C77C40A06F3BC0	4	AV. 25 DE MAYO Y FOTHERINGAM	4
39	U4220	0101000020E6100000C3BB5CC477804DC0D2C77C40A06F3BC0	4	AV. 25 DE MAYO Y FOTHERINGAM	3
40	U4230	0101000020E6100000AA66D65240804DC0BDA8DDAF02703BC0	4	AV. 25 DE MAYO Y URIBURU	4
41	U4230	0101000020E6100000AA66D65240804DC0BDA8DDAF02703BC0	4	AV. 25 DE MAYO Y URIBURU	3
42	U4240	0101000020E6100000B1FA230C03804DC03ACFD8976C703BC0	4	AV. 25 DE MAYO Y FRAY ROSSI	4
43	U4240	0101000020E6100000B1FA230C03804DC03ACFD8976C703BC0	4	AV. 25 DE MAYO Y FRAY ROSSI	3
44	U4250	0101000020E6100000B6BE4868CB7F4DC0C43F6CE9D1703BC0	4	AV. 25 DE MAYO Y MISIONERO KLEN	4
45	U4250	0101000020E6100000B6BE4868CB7F4DC0C43F6CE9D1703BC0	4	AV. 25 DE MAYO Y MISIONERO KLEN	3
46	U4260	0101000020E610000021B07268917F4DC0DD088B8A38713BC0	4	AV. 25 DE MAYO Y PADRE CERQUEIRA	4
47	U4260	0101000020E610000021B07268917F4DC0DD088B8A38713BC0	4	AV. 25 DE MAYO Y PADRE CERQUEIRA	3
48	U4270	0101000020E61000009983A0A3557F4DC0D02B9E7AA4713BC0	4	AV.25 DE MAYO Y SAN ROQUE	4
49	U4270	0101000020E61000009983A0A3557F4DC0D02B9E7AA4713BC0	4	AV.25 DE MAYO Y SAN ROQUE	3
50	U4280	0101000020E61000001E6D1CB1167F4DC09D103AE812723BC0	4	AV. 25 DE MAYO Y CANGALLO	4
51	U4280	0101000020E61000001E6D1CB1167F4DC09D103AE812723BC0	4	AV. 25 DE MAYO Y CANGALLO	3
52	U4290	0101000020E610000077BF0AF0DD7E4DC0FD851E317A723BC0	4	AV. 25 DE MAYO Y AV. BELGRANO	4
53	U4290	0101000020E610000077BF0AF0DD7E4DC0FD851E317A723BC0	4	AV. 25 DE MAYO Y AV. BELGRANO	3
54	U4300	0101000020E6100000FA0CA837A37E4DC039252026E1723BC0	4	AV. 25 DE MAYO Y NECOCHEA	4
55	U4300	0101000020E6100000FA0CA837A37E4DC039252026E1723BC0	4	AV. 25 DE MAYO Y NECOCHEA	3
56	U4310	0101000020E61000006F10AD156D7E4DC041B7973446733BC0	4	AV. 25 DE MAYO Y SANTA MARIA DE ORO	4
57	U4310	0101000020E61000006F10AD156D7E4DC041B7973446733BC0	4	AV. 25 DE MAYO Y SANTA MARIA DE ORO	3
58	U4320	0101000020E61000008BC1C3B46F7E4DC0492C29779F733BC0	4	JULIO ARGENTINO ROCA 35	4
59	U4320	0101000020E61000008BC1C3B46F7E4DC0492C29779F733BC0	4	JULIO ARGENTINO ROCA 35	3
60	U4330	0101000020E610000040DEAB56267E4DC009FCE1E7BF733BC0	4	AV. 9 DE JULIO 106	4
61	U4330	0101000020E610000040DEAB56267E4DC009FCE1E7BF733BC0	4	AV. 9 DE JULIO 106	3
62	U4340	0101000020E610000059FAD005F57D4DC065FF3C0D18743BC0	4	AV. 9 DE JULIO Y ROQUE SAENZ PEÃƒÂ‘A	4
63	U4340	0101000020E610000059FAD005F57D4DC065FF3C0D18743BC0	4	AV. 9 DE JULIO Y ROQUE SAENZ PEÃƒÂ‘A	3
64	U4350	0101000020E61000001BA19FA9D77D4DC0AAB706B64A743BC0	4	AV. 9 DE JULIO Y COLON	4
65	U4350	0101000020E61000001BA19FA9D77D4DC0AAB706B64A743BC0	4	AV. 9 DE JULIO Y COLON	3
66	U4360	0101000020E6100000DBDFD91EBD7D4DC00934D8D479743BC0	4	AV. 9 DE JULIO Y AV. SAN MARTIN	4
67	U4360	0101000020E6100000DBDFD91EBD7D4DC00934D8D479743BC0	4	AV. 9 DE JULIO Y AV. SAN MARTIN	3
68	U4370	0101000020E61000004CC2853C827D4DC0EB1F4432E4743BC0	4	AV. 9 DE JULIO Y SAN LORENZO	4
69	U4370	0101000020E61000004CC2853C827D4DC0EB1F4432E4743BC0	4	AV. 9 DE JULIO Y SAN LORENZO	3
70	U4380	0101000020E6100000ADBEBA2A507D4DC0E15D2EE23B753BC0	4	AV. 9 DE JULIO Y J. DE DIOS MENA	4
71	U4380	0101000020E6100000ADBEBA2A507D4DC0E15D2EE23B753BC0	4	AV. 9 DE JULIO Y J. DE DIOS MENA	3
72	U4390	0101000020E61000001893FE5E0A7D4DC008ABB184B5753BC0	4	AV. 9 DE JULIO Y LISANDRO DE LA TORRE	4
73	U4390	0101000020E61000001893FE5E0A7D4DC008ABB184B5753BC0	4	AV. 9 DE JULIO Y LISANDRO DE LA TORRE	3
74	U4400	0101000020E6100000AD174339D17C4DC08639419B1C763BC0	4	AV. 9 DE JULIO Y GABRIEL CARRASCO	4
75	U4400	0101000020E6100000AD174339D17C4DC08639419B1C763BC0	4	AV. 9 DE JULIO Y GABRIEL CARRASCO	3
76	U4410	0101000020E610000050711C78B57C4DC03674B33F50763BC0	4	AV. 9 DE JULIO Y DUVIVIER	4
77	U4410	0101000020E610000050711C78B57C4DC03674B33F50763BC0	4	AV. 9 DE JULIO Y DUVIVIER	3
78	U4420	0101000020E6100000CB147310747C4DC0F0517FBDC2763BC0	4	AV. 9 DE JULIO Y AV. CHACO	4
79	U4420	0101000020E6100000CB147310747C4DC0F0517FBDC2763BC0	4	AV. 9 DE JULIO Y AV. CHACO	5
80	U4420	0101000020E6100000CB147310747C4DC0F0517FBDC2763BC0	4	AV. 9 DE JULIO Y AV. CHACO	3
81	U4430	0101000020E610000021AE9CBD337C4DC073BA2C2636773BC0	4	AV. 9 DE JULIO Y SILVANO DANTE	4
82	U4430	0101000020E610000021AE9CBD337C4DC073BA2C2636773BC0	4	AV. 9 DE JULIO Y SILVANO DANTE	5
83	U4430	0101000020E610000021AE9CBD337C4DC073BA2C2636773BC0	4	AV. 9 DE JULIO Y SILVANO DANTE	3
84	U4440	0101000020E6100000B532E197FA7B4DC0E6CE4C309C773BC0	4	AV. 9 DE JULIO Y GOITIA	4
85	U4440	0101000020E6100000B532E197FA7B4DC0E6CE4C309C773BC0	4	AV. 9 DE JULIO Y GOITIA	5
86	U4440	0101000020E6100000B532E197FA7B4DC0E6CE4C309C773BC0	4	AV. 9 DE JULIO Y GOITIA	3
87	U4450	0101000020E6100000315BB22AC27B4DC00168942EFD773BC0	4	AV. 9 DE JULIO Y DELFINO	3
88	U4460	0101000020E6100000A8C64B37897B4DC009FA0B3D62783BC0	4	AV. 9 DE JULIO Y AV. URQUIZA	3
89	U4470	0101000020E61000001E32E543507B4DC0118C834BC7783BC0	4	AV. 9 DE JULIO Y CAPATAZ CODUTTI	3
90	U4480	0101000020E61000008C101E6D1C7B4DC077A1B94E23793BC0	4	AV. 9 DE JULIO Y COCOMAROLA SUR	3
91	U4490	0101000020E61000001D91EF52EA7A4DC049A12C7C7D793BC0	4	. 9 DE JULIO Y VIVIANO MEZA	3
92	U4500	0101000020E61000008578245E9E7A4DC0ED2C7AA7027A3BC0	4	AV. 9 DE JULIO Y AV. LINCH ARRIBALZAGA	3
93	U4510	0101000020E6100000C79C67EC4B7A4DC0A25EF0694E7A3BC0	4	ANGEL DAMBRA Y ZORZAL	3
94	U4520	0101000020E61000005706D506277A4DC023BF7E880D7A3BC0	4	AV. 9 DE JULIO Y ALMIRANTE BROWN	3
95	U4530	0101000020E6100000832F4CA60A7A4DC0D99942E7357A3BC0	4	ALMIRANTE BROWN Y PEREZ	3
96	U4540	0101000020E6100000D8B79388F0794DC01895D409687A3BC0	4	ALMIRANTE BROWN Y FIRPO	3
97	U4550	0101000020E61000006D7022FAB5794DC0A305685BCD7A3BC0	4	ALMIRANTE BROWN Y ALISO	3
98	U4560	0101000020E6100000C2A1B77878794DC0293E3E213B7B3BC0	4	ALMIRANTE BROWN Y AV. FARIAS	3
99	U4570	0101000020E610000026A77686A9794DC0FAD51C20987B3BC0	4	AV. FARIAS Y AV. 9 DE JULIO	3
100	U3000	0101000020E6100000CB845FEAE7794DC0DFA46950347B3BC0	4	AV. 9 DE JULIO Y ALISO	6
101	U3010	0101000020E6100000D993C0E61C7A4DC08D96033DD47A3BC0	4	AV. 9 DE JULIO Y AV. FIRPO	6
102	U3020	0101000020E6100000E46A64575A7A4DC05A84622B687A3BC0	4	AV 9 DE JULIO Y ANGEL DAMBRA	6
103	U3030	0101000020E610000066DAFE95957A4DC0EE940ED6FF793BC0	4	AV. 9 DE JULIO Y AGRIMENSORES SEELSTRANG	6
104	U3040	0101000020E6100000C24CDBBFB27A4DC0A31F0DA7CC793BC0	4	AV. 9 DE JULIO Y FOSTER	6
105	U3050	0101000020E61000009335EA211A7B4DC0C55565DF15793BC0	4	AV. 9 DE JULIO Y COCOMAROLA NORTE	6
106	U3060	0101000020E610000010CB660E497B4DC06C3F19E3C3783BC0	4	AV. 9 DE JULIO Y CARLOS CORSI	6
107	U3070	0101000020E6100000A0504F1F817B4DC0D5EC815660783BC0	4	AV. 9 DE JULIO Y AV. CARMEN DE ROSAS	6
108	U3080	0101000020E610000019AE0E80B87B4DC032207BBDFB773BC0	4	AV. 9 DE JULIO Y PROF. PORTELA	6
109	U3090	0101000020E61000001F645930F17B4DC0FF9254A698773BC0	4	AV. 9 DE JULIO Y JOSE NOVERI	6
110	U3100	0101000020E610000091D09673297C4DC0EC866D8B32773BC0	4	AV. 9 DE JULIO Y PATIÃƒÂ‘O INSPECTOR	5
111	U3100	0101000020E610000091D09673297C4DC0EC866D8B32773BC0	4	AV. 9 DE JULIO Y PATIÃƒÂ‘O INSPECTOR	6
112	U3110	0101000020E6100000BE1589096A7C4DC0F1B913ECBF763BC0	4	AV. 9 DE JULIO Y AV. BORRINI	5
113	U3110	0101000020E6100000BE1589096A7C4DC0F1B913ECBF763BC0	4	AV. 9 DE JULIO Y AV. BORRINI	6
114	U3120	0101000020E610000044A67C08AA7C4DC06E5166834C763BC0	4	AV. 9 DE JULIO Y FRAY LUIS BELTRAN	5
115	U3120	0101000020E610000044A67C08AA7C4DC06E5166834C763BC0	4	AV. 9 DE JULIO Y FRAY LUIS BELTRAN	6
116	U3130	0101000020E61000008EAD6708C77C4DC08D5E0D501A763BC0	4	AV. 9 DE JULIO Y RAMON VAZQUEZ	5
117	U3130	0101000020E61000008EAD6708C77C4DC08D5E0D501A763BC0	4	AV. 9 DE JULIO Y RAMON VAZQUEZ	6
118	U3140	0101000020E6100000FF942A51F67C4DC04CA4349BC7753BC0	4	AV. 9 DE JULIO Y HOSPITAL PERRANDO	5
119	U3140	0101000020E6100000FF942A51F67C4DC04CA4349BC7753BC0	4	AV. 9 DE JULIO Y HOSPITAL PERRANDO	6
120	U3150	0101000020E6100000D4B5F63E557D4DC0FD4FFEEE1D753BC0	4	AV. 9 DE JULIO Y AV. VELEZ SARFIELD	5
121	U3150	0101000020E6100000D4B5F63E557D4DC0FD4FFEEE1D753BC0	4	AV. 9 DE JULIO Y AV. VELEZ SARFIELD	6
122	U3160	0101000020E6100000357D76C0757D4DC0C8B1F50CE1743BC0	4	AV 9 DE JULIO Y JOSE HERNANDEZ	5
123	U3160	0101000020E6100000357D76C0757D4DC0C8B1F50CE1743BC0	4	AV 9 DE JULIO Y JOSE HERNANDEZ	6
124	U3170	0101000020E6100000BF45274BAD7D4DC0D0EE906280743BC0	4	AV. 9 DE JULIO Y AV. ITALIA	5
125	U3170	0101000020E6100000BF45274BAD7D4DC0D0EE906280743BC0	4	AV. 9 DE JULIO Y AV. ITALIA	6
126	U3180	0101000020E610000052B81E85EB7D4DC0971FB8CA13743BC0	4	AV. 9 DE JULIO Y LOPEZ Y PLANES	5
127	U3180	0101000020E610000052B81E85EB7D4DC0971FB8CA13743BC0	4	AV. 9 DE JULIO Y LOPEZ Y PLANES	6
128	U3190	0101000020E610000029CDE671187E4DC01A33897AC1733BC0	4	AV. 9 DE JULIO Y GUEMES	5
129	U3190	0101000020E610000029CDE671187E4DC01A33897AC1733BC0	4	AV. 9 DE JULIO Y GUEMES	6
130	U3200	0101000020E610000015A930B6107E4DC0D8101C9771733BC0	4	HIPOLITO YRIGOYEN Y GRAL. GUEMES	5
131	U3200	0101000020E610000015A930B6107E4DC0D8101C9771733BC0	4	HIPOLITO YRIGOYEN Y GRAL. GUEMES	6
132	U3210	0101000020E6100000BEF8A23D5E7E4DC070EA03C93B733BC0	4	GRAL MITRE Y AV. 25 DE MAYO	5
133	U3210	0101000020E6100000BEF8A23D5E7E4DC070EA03C93B733BC0	4	GRAL MITRE Y AV. 25 DE MAYO	6
134	U3220	0101000020E610000052D32EA6997E4DC09AEAC9FCA3733BC0	4	SANTA MARIA DE ORO Y JUAN DOMINGO PERON	4
135	U3220	0101000020E610000052D32EA6997E4DC09AEAC9FCA3733BC0	4	SANTA MARIA DE ORO Y JUAN DOMINGO PERON	5
136	U3220	0101000020E610000052D32EA6997E4DC09AEAC9FCA3733BC0	4	SANTA MARIA DE ORO Y JUAN DOMINGO PERON	6
137	U3230	0101000020E6100000DC9BDF30D17E4DC0A27C410B09743BC0	4	SANTA MARIA DE ORO Y SANTIAGO DEL ESTERO	4
138	U3230	0101000020E6100000DC9BDF30D17E4DC0A27C410B09743BC0	4	SANTA MARIA DE ORO Y SANTIAGO DEL ESTERO	5
139	U3230	0101000020E6100000DC9BDF30D17E4DC0A27C410B09743BC0	4	SANTA MARIA DE ORO Y SANTIAGO DEL ESTERO	6
140	U3240	0101000020E610000051A4FB39057F4DC094675E0EBB733BC0	4	SANTIAGO DEL ESTERO Y NECOCHEA	4
141	U3240	0101000020E610000051A4FB39057F4DC094675E0EBB733BC0	4	SANTIAGO DEL ESTERO Y NECOCHEA	5
142	U3240	0101000020E610000051A4FB39057F4DC094675E0EBB733BC0	4	SANTIAGO DEL ESTERO Y NECOCHEA	6
143	U3250	0101000020E61000002F4D11E0F47E4DC03F90BC7328733BC0	4	DONOVAN Y JUAN DOMINGO PERON	4
144	U3250	0101000020E61000002F4D11E0F47E4DC03F90BC7328733BC0	4	DONOVAN Y JUAN DOMINGO PERON	5
145	U3250	0101000020E61000002F4D11E0F47E4DC03F90BC7328733BC0	4	DONOVAN Y JUAN DOMINGO PERON	6
146	U3260	0101000020E610000093E52494BE7E4DC015ADDC0BCC723BC0	4	DONOVAN Y AV. 25 DE MAYO	4
147	U3260	0101000020E610000093E52494BE7E4DC015ADDC0BCC723BC0	4	DONOVAN Y AV. 25 DE MAYO	5
148	U3260	0101000020E610000093E52494BE7E4DC015ADDC0BCC723BC0	4	DONOVAN Y AV. 25 DE MAYO	6
149	U3270	0101000020E6100000D3F71A82E37E4DC05A677C5F5C723BC0	4	AV 25 DE MAYO 560	4
150	U3270	0101000020E6100000D3F71A82E37E4DC05A677C5F5C723BC0	4	AV 25 DE MAYO 560	5
151	U3270	0101000020E6100000D3F71A82E37E4DC05A677C5F5C723BC0	4	AV 25 DE MAYO 560	6
152	U3280	0101000020E610000021205F42057F4DC0C828CFBC1C723BC0	4	AV. 25 DE MAYO Y FORMOSA	4
153	U3280	0101000020E610000021205F42057F4DC0C828CFBC1C723BC0	4	AV. 25 DE MAYO Y FORMOSA	5
154	U3280	0101000020E610000021205F42057F4DC0C828CFBC1C723BC0	4	AV. 25 DE MAYO Y FORMOSA	6
155	U3290	0101000020E6100000A818E76F427F4DC0C636A968AC713BC0	4	AV. 25 DE MAYO Y CALLE SB. DEL MONTE ALTO	4
156	U3290	0101000020E6100000A818E76F427F4DC0C636A968AC713BC0	4	AV. 25 DE MAYO Y CALLE SB. DEL MONTE ALTO	5
157	U3290	0101000020E6100000A818E76F427F4DC0C636A968AC713BC0	4	AV. 25 DE MAYO Y CALLE SB. DEL MONTE ALTO	6
158	U3300	0101000020E61000002463B5F97F7F4DC042EBE1CB44713BC0	4	AV. 25 DE MAYO Y SAN FERNANDO	4
159	U3300	0101000020E61000002463B5F97F7F4DC042EBE1CB44713BC0	4	AV. 25 DE MAYO Y SAN FERNANDO	5
160	U3300	0101000020E61000002463B5F97F7F4DC042EBE1CB44713BC0	4	AV. 25 DE MAYO Y SAN FERNANDO	6
161	U3310	0101000020E6100000C4EBFA05BB7F4DC0E3DD91B1DA703BC0	4	AV. 25 DE MAYO Y ROBERTO MORA	4
162	U3310	0101000020E6100000C4EBFA05BB7F4DC0E3DD91B1DA703BC0	4	AV. 25 DE MAYO Y ROBERTO MORA	5
163	U3310	0101000020E6100000C4EBFA05BB7F4DC0E3DD91B1DA703BC0	4	AV. 25 DE MAYO Y ROBERTO MORA	6
164	U3320	0101000020E61000006440F67AF77F4DC0976F7D586F703BC0	4	AV. 25 DE MAYO Y B. ZORRILLA	4
165	U3320	0101000020E61000006440F67AF77F4DC0976F7D586F703BC0	4	AV. 25 DE MAYO Y B. ZORRILLA	5
166	U3320	0101000020E61000006440F67AF77F4DC0976F7D586F703BC0	4	AV. 25 DE MAYO Y B. ZORRILLA	6
167	U3330	0101000020E610000004C93B8732804DC01424B6BB07703BC0	4	A. 25 DE MAYO Y AMERI JOSE	4
168	U3330	0101000020E610000004C93B8732804DC01424B6BB07703BC0	4	A. 25 DE MAYO Y AMERI JOSE	5
169	U3330	0101000020E610000004C93B8732804DC01424B6BB07703BC0	4	A. 25 DE MAYO Y AMERI JOSE	6
170	U3340	0101000020E610000075012F336C804DC06B9A779CA26F3BC0	4	AV. 25 DE MAYO Y ANDREANI	4
171	U3340	0101000020E610000075012F336C804DC06B9A779CA26F3BC0	4	AV. 25 DE MAYO Y ANDREANI	5
172	U3340	0101000020E610000075012F336C804DC06B9A779CA26F3BC0	4	AV. 25 DE MAYO Y ANDREANI	6
173	U3350	0101000020E6100000168A743FA7804DC073F4F8BD4D6F3BC0	4	AV. 25 DE MAYO Y BRIGNOLES NORTE	4
174	U3350	0101000020E6100000168A743FA7804DC073F4F8BD4D6F3BC0	4	AV. 25 DE MAYO Y BRIGNOLES NORTE	5
175	U3350	0101000020E6100000168A743FA7804DC073F4F8BD4D6F3BC0	4	AV. 25 DE MAYO Y BRIGNOLES NORTE	6
176	U3360	0101000020E6100000386BF0BE2A814DC0B1321AF9BC6E3BC0	4	AV. 25 DE MAYO 2380	4
177	U3360	0101000020E6100000386BF0BE2A814DC0B1321AF9BC6E3BC0	4	AV. 25 DE MAYO 2380	5
178	U3360	0101000020E6100000386BF0BE2A814DC0B1321AF9BC6E3BC0	4	AV. 25 DE MAYO 2380	6
179	U3370	0101000020E6100000753FA7203F814DC03D9B559FAB6D3BC0	4	RUTA NACIONAL 11 Y CALLE VILLA ELBA	4
180	U3370	0101000020E6100000753FA7203F814DC03D9B559FAB6D3BC0	4	RUTA NACIONAL 11 Y CALLE VILLA ELBA	5
181	U3370	0101000020E6100000753FA7203F814DC03D9B559FAB6D3BC0	4	RUTA NACIONAL 11 Y CALLE VILLA ELBA	6
182	U3380	0101000020E610000035CF11F92E814DC0E99AC937DB6C3BC0	4	RUTA 11 KM 1600	4
183	U3380	0101000020E610000035CF11F92E814DC0E99AC937DB6C3BC0	4	RUTA 11 KM 1600	5
184	U3380	0101000020E610000035CF11F92E814DC0E99AC937DB6C3BC0	4	RUTA 11 KM 1600	6
185	U3390	0101000020E6100000FF1F274C18814DC00EBE30992A6C3BC0	4	RUTA NACIONAL 11 KM 1606.6	4
186	U3390	0101000020E6100000FF1F274C18814DC00EBE30992A6C3BC0	4	RUTA NACIONAL 11 KM 1606.6	5
187	U3390	0101000020E6100000FF1F274C18814DC00EBE30992A6C3BC0	4	RUTA NACIONAL 11 KM 1606.6	6
188	U3400	0101000020E61000001A4D2EC6C0804DC0DC48D922696B3BC0	4	RUTA NACIONAL 11 Y AV. LAVALLE	4
189	U3400	0101000020E61000001A4D2EC6C0804DC0DC48D922696B3BC0	4	RUTA NACIONAL 11 Y AV. LAVALLE	5
190	U3400	0101000020E61000001A4D2EC6C0804DC0DC48D922696B3BC0	4	RUTA NACIONAL 11 Y AV. LAVALLE	6
191	U3410	0101000020E610000092EC116A86804DC05AD427B9C36A3BC0	4	RUTA NACIONAL 11 KM 1007.6	4
192	U3410	0101000020E610000092EC116A86804DC05AD427B9C36A3BC0	4	RUTA NACIONAL 11 KM 1007.6	5
193	U3410	0101000020E610000092EC116A86804DC05AD427B9C36A3BC0	4	RUTA NACIONAL 11 KM 1007.6	6
194	U3420	0101000020E6100000323CF6B358804DC0B328ECA2E8693BC0	4	RUTA NACIONAL 11 KM 1007.8	5
195	U3420	0101000020E6100000323CF6B358804DC0B328ECA2E8693BC0	4	RUTA NACIONAL 11 KM 1007.8	6
196	U3430	0101000020E6100000BB97FBE428804DC007D15AD1E6683BC0	4	RUTA NACIONAL 11 KM 1008.2	4
197	U3430	0101000020E6100000BB97FBE428804DC007D15AD1E6683BC0	4	RUTA NACIONAL 11 KM 1008.2	5
198	U3430	0101000020E6100000BB97FBE428804DC007D15AD1E6683BC0	4	RUTA NACIONAL 11 KM 1008.2	6
199	U3440	0101000020E6100000774D486B0C804DC0B4E6C75F5A683BC0	4	RUTA NACIONAL 11 KM 1008.8	4
200	U3440	0101000020E6100000774D486B0C804DC0B4E6C75F5A683BC0	4	RUTA NACIONAL 11 KM 1008.8	5
201	U3440	0101000020E6100000774D486B0C804DC0B4E6C75F5A683BC0	4	RUTA NACIONAL 11 KM 1008.8	6
202	U3450	0101000020E61000002EFF21FDF67F4DC08DB62A89EC673BC0	4	RUTA NACIONAL 11 Y ORCOLA EDUARDO(CRISANTEMO	4
203	U3450	0101000020E61000002EFF21FDF67F4DC08DB62A89EC673BC0	4	RUTA NACIONAL 11 Y ORCOLA EDUARDO(CRISANTEMO	5
204	U3450	0101000020E61000002EFF21FDF67F4DC08DB62A89EC673BC0	4	RUTA NACIONAL 11 Y ORCOLA EDUARDO(CRISANTEMO	6
205	U3460	0101000020E6100000B6BE4868CB7F4DC0C39CA04D0E673BC0	4	RUTA NACIONAL 11 Y MARTINA PEDRO	5
206	U3460	0101000020E6100000B6BE4868CB7F4DC0C39CA04D0E673BC0	4	RUTA NACIONAL 11 Y MARTINA PEDRO	6
207	U3470	0101000020E61000006FD8B628B37F4DC0E9B81AD995663BC0	4	RUTA NACIONAL 11 Y SANTA SILVINA	4
208	U3470	0101000020E61000006FD8B628B37F4DC0E9B81AD995663BC0	4	RUTA NACIONAL 11 Y SANTA SILVINA	5
209	U3470	0101000020E61000006FD8B628B37F4DC0E9B81AD995663BC0	4	RUTA NACIONAL 11 Y SANTA SILVINA	6
210	U3480	0101000020E6100000DDCD531D727F4DC0FF03AC55BB663BC0	4	SANTA SILVINA Y MAKALLE	4
211	U3480	0101000020E6100000DDCD531D727F4DC0FF03AC55BB663BC0	4	SANTA SILVINA Y MAKALLE	5
212	U3480	0101000020E6100000DDCD531D727F4DC0FF03AC55BB663BC0	4	SANTA SILVINA Y MAKALLE	6
213	U3490	0101000020E610000086C77E164B7F4DC0E7E104A6D3663BC0	4	SANTA SILVINA Y MACHAGAI	4
214	U3490	0101000020E610000086C77E164B7F4DC0E7E104A6D3663BC0	4	SANTA SILVINA Y MACHAGAI	5
215	U3490	0101000020E610000086C77E164B7F4DC0E7E104A6D3663BC0	4	SANTA SILVINA Y MACHAGAI	6
216	U3500	0101000020E610000039F06AB9337F4DC05E13D21A83663BC0	4	MACHAGAI Y LA CORZUELA	5
217	U3500	0101000020E610000039F06AB9337F4DC05E13D21A83663BC0	4	MACHAGAI Y LA CORZUELA	6
218	U3510	0101000020E6100000FC1BB4571F7F4DC0904B1C7920663BC0	4	MACHAGAI Y LA LEONESA	5
219	U3510	0101000020E6100000FC1BB4571F7F4DC0904B1C7920663BC0	4	MACHAGAI Y LA LEONESA	6
220	U3520	0101000020E6100000ECFB7090107F4DC0AA61BF27D6653BC0	4	MACHAGAI Y EL SAUZALITO	5
221	U3520	0101000020E6100000ECFB7090107F4DC0AA61BF27D6653BC0	4	MACHAGAI Y EL SAUZALITO	6
222	U3530	0101000020E610000094F59B89E97E4DC0B77D8FFAEB653BC0	4	EL SAUZALITO Y VILLA BERTHET	5
223	U3530	0101000020E610000094F59B89E97E4DC0B77D8FFAEB653BC0	4	EL SAUZALITO Y VILLA BERTHET	6
224	U3540	0101000020E61000003C873254C57E4DC002F390291F663BC0	4	MARGARITA BELEN Y LA LEONESA	5
225	U3540	0101000020E61000003C873254C57E4DC002F390291F663BC0	4	MARGARITA BELEN Y LA LEONESA	6
226	U4580	0101000020E6100000E7357689EA7F4DC052EDD3F198653BC0	4	CALLE CABALEN Y JUAN MANUEL FANGIO	4
227	U4590	0101000020E6100000EF7211DF897F4DC0E4326E6AA0653BC0	4	RUTA NACIONAL 11 Y JUAN MANUEL FANGIO	4
228	U4600	0101000020E6100000D9791B9B1D7F4DC078616BB6F2663BC0	4	EL SAUZALITO Y SANTA SILVINA	4
229	U4610	0101000020E61000007DEA58A5F47E4DC0A8531EDD08673BC0	4	SANTA SILVINA Y LA LEONESA	4
230	U4620	0101000020E61000005D514A08567F4DC0C53C2B69C5673BC0	4	CALLE PAMPA NORTE Y MARTINA PEDRO	4
231	U4630	0101000020E6100000EE27637C987F4DC0D15D126745683BC0	4	CALLE PAMPA NORTE Y ORCOLA EDUARDO	4
232	U4640	0101000020E6100000FBCE2F4AD07B4DC05245F12A6B773BC0	4	HIPOLITO YRIGOYEN Y JOSE NOVERI	4
233	U4650	0101000020E610000077483140A27B4DC0EE974F560C773BC0	4	JOSE NOVERI Y DON BOSCO	4
234	U4660	0101000020E61000006F6589CE327B4DC0B935E9B644763BC0	4	JOSE NOVERI Y CORDOBA	4
235	U4670	0101000020E610000023D923D40C7B4DC0841266DAFE753BC0	4	JOSE NOVERI Y AV. LAPRIDA	4
236	U4680	0101000020E6100000AED51EF6427B4DC000AAB8718B753BC0	4	AV. LAPRIDA Y PATIÃƒÂ‘O INSPECTOR	4
237	U4700	0101000020E61000000C1EA67D737B4DC01AA3755435753BC0	4	AV. LAPRIDA Y CALLE BORRINI	4
238	U4690	0101000020E6100000EE96E4805D7B4DC08F8EAB915D753BC0	4	AV. LAPRIDA Y CALLE NAVARRO	4
239	U4710	0101000020E610000040F7E5CC767B4DC0F0332E1C08753BC0	4	CALLE BORRINI Y SAN PEDRO	4
240	U3550	0101000020E61000004B3D0B42797B4DC05FEE93A300753BC0	4	CALLE BORRINI Y CALLE SAN PEDRO	5
241	U3560	0101000020E610000061FD9FC37C7B4DC0F4DF83D72E753BC0	4	AV. LAPRIDA Y PASAJE BORRINI	5
242	U3570	0101000020E610000019E3C3EC657B4DC032569BFF57753BC0	4	AV. LAPRIDA Y CALLE NAVARRO	5
243	U3580	0101000020E6100000CD7344BE4B7B4DC0B610E4A084753BC0	4	AV. LAPRIDA Y PATIÃƒÂ‘O INSPECTOR	5
244	U3590	0101000020E61000003999B855107B4DC06E861BF0F9753BC0	4	JOSE NOVERI Y AV. LAPRIDA	5
245	U3600	0101000020E610000095D74AE82E7B4DC05DE0F25833763BC0	4	JOSE NOVERI Y CORDOBA	5
246	U3610	0101000020E6100000A4DFBE0E9C7B4DC0EDF5EE8FF7763BC0	4	JOSE NOVERI Y DON BOSCO	5
247	U3620	0101000020E61000002FA86F99D37B4DC07311DF8959773BC0	4	JOSE NOVERI Y HIPOLITO YIGOYEN	5
248	U10000	0101000020E6100000D5264EEE77844DC00CC85EEFFE743BC0	10	PANAMA 2550	12
249	U10870	0101000020E6100000ACC77DAB75844DC0F0DAA50D87753BC0	10	CALLE ISAIAS Y AV. USUAHIA	12
250	U10880	0101000020E61000004D68925852844DC000581D39D2753BC0	10	AV. USUAHIA Y ZACARIAS	12
251	U10890	0101000020E6100000F240649126844DC0EA961DE21F763BC0	10	AV. USUAHIA Y FOTHERINGAM	12
252	U10920	0101000020E6100000EFE192E34E834DC01990BDDEFD753BC0	10	AV. MACLEAN Y CALLE LUTRINGER	12
253	U10930	0101000020E61000004DA088450C834DC0CE6C57E883753BC0	10	AV. MACLEAN Y CALLE BRASILIA	12
254	U10940	0101000020E6100000195932C7F2824DC080272D5C56753BC0	10	AV. MACLEAN Y NICARAGUA (BOGOTA)	12
255	U10960	0101000020E6100000265305A392824DC0857AFA08FC753BC0	10	NICARAGUA Y SRA DE VERNET	12
256	U10970	0101000020E6100000AC70CB4752824DC0508F6D1970763BC0	10	NICARAGUA Y GIACHINO	12
257	U10980	0101000020E610000006DA1D520C824DC0A52C431CEB763BC0	10	NICARAGUA Y AV. HERNANDARIAS	12
258	U10990	0101000020E610000028B682A625824DC01BBAD91F28773BC0	10	AV. HERNANDARIAS Y CALLE BRASILIA	12
259	U14000	0101000020E610000091D6187442824DC0E90DF7915B773BC0	10	AV. HERNANDARIAS Y MONTEVIDEO	12
260	U14010	0101000020E6100000C4B5DAC35E824DC07D9752978C773BC0	10	AV. HERNANDARIAS Y LA PAZ	12
261	U14020	0101000020E6100000855CA96741824DC06C76A4FACE773BC0	10	LA PAZ Y CANGALLO	12
262	U14050	0101000020E61000002A8D98D9E7814DC090DD054A0A783BC0	10	AV. BELGRANO Y MONTEVIDEO	12
263	U14060	0101000020E61000005C7347FFCB814DC08C14CAC2D7773BC0	10	AV. BELGRANO Y BRASILIA	12
264	U14070	0101000020E6100000ADA6EB89AE814DC066DD3F16A2773BC0	10	AV. BELGRANO Y NICARAGUA	12
265	U14090	0101000020E61000005B069CA564814DC030293E3E21773BC0	10	AV. BELGRANO Y BORGES JORGE	12
266	U14100	0101000020E61000002D7C7DAD4B814DC02828452BF7763BC0	10	AV. BELGRANO Y DOBRIZHOPER	12
267	U14110	0101000020E6100000DD9A745B22814DC09C89E942AC763BC0	10	AV. BELGRANO Y CALLE ROJAS	12
268	U14120	0101000020E6100000645A9BC6F6804DC0F9F6AE415F763BC0	10	AV. BELGRANO Y LEOPOLDO LUGONES	12
269	U14130	0101000020E610000032AF230ED9804DC08C135FED28763BC0	10	AV. BELGRANO Y GUIDO SPANO	12
270	U14140	0101000020E6100000CD751A69A9804DC012F758FAD0753BC0	10	AV. BELGRANO Y AV. MARCONI	12
271	U14150	0101000020E6100000483657CD73804DC049BC3C9D2B763BC0	10	AV. MARCONI Y NECOCHEA	12
272	U14160	0101000020E6100000A1BC8FA339804DC0FE277FF78E763BC0	10	AV. MARCONI Y STA MARIA DE ORO	12
273	U14170	0101000020E6100000B47405DB887B4DC028BB99D18F6A3BC0	10	COLECTORA Y SIFER GAS	12
274	U14180	0101000020E61000000B42791F477B4DC059897956D26A3BC0	10	COLECTORA Y  CALLE AVALOS	12
275	U14190	0101000020E61000000D71AC8BDB7A4DC06D1ADB6B416B3BC0	10	COLECTORA Y BARRIO CALIFORNIA	12
276	U14200	0101000020E6100000C1ABE5CE4C7A4DC0BF28417FA16B3BC0	10	AV. SARMIENTO Y COLECTORA	12
277	U5230	0101000020E6100000F75965A6B47E4DC00C73823639743BC0	10	AV. ALBERDI Y SANTIAGO DEL ESTERO	12
278	U6280	0101000020E6100000F12A6B9BE27F4DC0973B33C170763BC0	10	AV. ALBERDI Y SEITOR	12
279	U6290	0101000020E61000005D50DF32A77F4DC0C956975302763BC0	10	AV. ALBERDI Y DODERO	12
280	U6300	0101000020E6100000BE2F2E55697F4DC00E1137A792753BC0	10	AV. ALBERDI Y CARLOS  BOGGIO	12
281	U6310	0101000020E61000003FE1ECD6327F4DC0CFA10C5531753BC0	10	AV. ALBERDI Y AV. CASTELLI	12
282	U6320	0101000020E6100000F2ECF2AD0F7F4DC04F029B73F0743BC0	10	AV. ALBERDI Y CERVANTES	12
283	U6330	0101000020E6100000B91CAF40F47E4DC0CDAFE600C1743BC0	10	AV. ALBERDI Y FRANKLIN	12
284	U6340	0101000020E610000047B071FDBB7E4DC0C51D6FF25B743BC0	10	AV. ALBERDI Y AMEGHINO	12
285	U6350	0101000020E61000007FDFBF79717E4DC018EDF1423A743BC0	10	FRONDIZI 253	12
286	U6360	0101000020E6100000D3A23EC91D7E4DC0C537143E5B733BC0	10	HIPOLITO YRIGOYEN 35	12
287	U10900	0101000020E61000001172DEFFC7834DC0C9AB730CC8763BC0	10	AV. USUAHIA Y AV. MACLEAN	11
288	U10910	0101000020E61000008BE1EA0088834DC0AE122C0E67763BC0	10	AV. MACLEAN Y CALLE FRESCHI	11
289	U13000	0101000020E61000003C69E1B20A834DC0B6F3FDD478753BC0	10	AV. MACLEAN Y BRASILIA	11
290	U13010	0101000020E6100000F015DD7A4D834DC0D2C6116BF1753BC0	10	AV. MACLEAN Y CALLE LUTRINGER	11
291	U13020	0101000020E610000084BC1E4C8A834DC04D8578245E763BC0	10	AV. MACLEAN Y CALLE FRESCHI	11
292	U13030	0101000020E610000008C89750C1834DC04C6DA983BC763BC0	10	AV. MACLEAN Y AV. USUAHIA	11
293	U13040	0101000020E6100000F0879FFF1E844DC01EA4A7C821763BC0	10	AV. USUAHIA Y FOTHERINGAM	11
294	U13050	0101000020E6100000448A01124D844DC0DC813AE5D1753BC0	10	AV. USUAHIA Y ZACARIAS	11
295	U13060	0101000020E61000002A1DACFF73844DC0DB6B41EF8D753BC0	10	AV. USUAHIA Y CALLE ISAIAS	11
296	U13070	0101000020E610000048DFA46950844DC001193A7650753BC0	10	CALLE ISAIAS Y PANAMA	11
297	U14040	0101000020E6100000EA5C514A08824DC074081C0934783BC0	10	LA PAZ Y AV. BELGRANO	11
298	U14080	0101000020E6100000C2BE9D4484814DC068976F7D58773BC0	10	AV. BELGRANO Y H. QUIROGA	11
299	U5240	0101000020E6100000740CC85EEF7E4DC046425BCEA5743BC0	10	AV. ALBERDI Y JUJUY	11
300	U5250	0101000020E6100000A2629CBF097F4DC09487855AD3743BC0	10	AV. ALBERDI Y MENDOZA	11
301	U5260	0101000020E6100000F1F274AE287F4DC0BABE0F0709753BC0	10	AV. ALBERDI Y AV. ALVEAR	11
302	U5270	0101000020E61000007B87DBA1617F4DC08A73D4D171753BC0	10	AV. ALBERDI Y MOLINA	11
303	U5280	0101000020E61000001570CFF3A77F4DC0E6CDE15AED753BC0	10	AV. ALBERDI 1115	11
304	U5290	0101000020E6100000B328ECA2E87F4DC03259DC7F64763BC0	10	AV. ALBERDI Y PRIMERO DE MAYO	11
305	U5300	0101000020E61000002A01310917804DC0E622BE13B3763BC0	10	AV. ALBERDI Y AV. MARCONI	11
306	U9660	0101000020E6100000BDA60705A5784DC08A56EE05666D3BC0	10	COLECTORA Y PUENTE VUELTA	11
307	U9720	0101000020E610000033182312857A4DC0D595CFF23C6C3BC0	10	COLECTORA Y AV. SARMIENTO	11
308	U9770	0101000020E6100000880FECF82F804DC0DB519CA38E763BC0	10	AV. MARCONI Y STA MARIA DE ORO	11
309	U9780	0101000020E610000012D89C8367804DC067D5E76A2B763BC0	10	AV. MARCONI Y NECOCHEA	11
310	U9790	0101000020E610000031B610E4A0804DC03A05F9D9C8753BC0	10	AV. MARCONI Y AV. BELGRANO	11
311	U9800	0101000020E61000002448A5D8D1804DC0382EE3A606763BC0	10	AV. BELGRANO Y GUIDO SPANO	11
312	U9810	0101000020E61000005D35CF11F9804DC038DC476E4D763BC0	10	AV. BELGRANO Y LEOPOLDO LUGONES	11
313	U9820	0101000020E6100000C43E011423814DC0C47AA35698763BC0	10	AV. BELGRANO Y CALLE ROJAS	11
314	U9830	0101000020E61000004F1E166A4D814DC068757286E2763BC0	10	AV. BELGRANO Y DOBRIZHOPER	11
315	U9840	0101000020E61000007192E68F69814DC0B3EA73B515773BC0	10	AV. BELGRANO Y M. ADUANI	11
316	U9850	0101000020E6100000B01F628385814DC0ED28CE5147773BC0	10	AV. BELGRANO Y H. QUIROGA	11
317	U9860	0101000020E6100000085A8121AB814DC0600322C495773BC0	10	AV. BELGRANO Y NICARAGUA	11
318	U9870	0101000020E61000004B3CA06CCA814DC0FE9E58A7CA773BC0	10	AV. BELGRANO Y BRASILIA	11
319	U9890	0101000020E610000052F2EA1C03824DC00531D0B52F783BC0	10	AV. BELGRANO Y LA PAZ	11
320	U9900	0101000020E6100000191BBAD91F824DC0703FE08101783BC0	10	LA PAZ Y ECHEVERRIA	11
321	U9910	0101000020E61000007DB262B83A824DC08FE4F21FD2773BC0	10	LA PAZ Y CANGALLO	11
322	U9920	0101000020E6100000B3B27DC85B824DC0B491EBA694773BC0	10	LA PAZ Y AV. HERNANDARIAS	11
323	U9930	0101000020E6100000670FB40243824DC0F60CE19865773BC0	10	AV. HERNANDARIAS Y MONTEVIDEO	11
324	U9940	0101000020E6100000459BE3DC26824DC0FDBD141E34773BC0	10	AV. HERNANDARIAS Y BRASILIA	11
325	U9950	0101000020E6100000F1811DFF05824DC0E013EB54F9763BC0	10	AV. HERNANDARIAS Y NICARAGUA	11
326	U9960	0101000020E6100000A4FACE2F4A824DC018B2BAD573763BC0	10	NICARAGUA Y GIACHINO	11
327	U9970	0101000020E61000002366F6798C824DC096B1A19BFD753BC0	10	NICARAGUA Y SRA DE VERNET	11
328	U9980	0101000020E6100000A9D903ADC0824DC0B37A87DBA1753BC0	10	NICARAGUA Y ALMORACIO	11
329	U9990	0101000020E61000001BF5108DEE824DC001193A7650753BC0	10	NICARAGUA Y AV. MACLEAN	11
\.


--
-- Name: parada_parada_id_seq; Type: SEQUENCE SET; Schema: public; Owner: postgres
--

SELECT pg_catalog.setval('parada_parada_id_seq', 1, false);


--
-- Data for Name: reclamo_reclamo; Type: TABLE DATA; Schema: public; Owner: postgres
--

COPY reclamo_reclamo (id, creado, modificado, fecha, foto, descripcion, creado_por_id, linea_id) FROM stdin;
\.


--
-- Name: reclamo_reclamo_id_seq; Type: SEQUENCE SET; Schema: public; Owner: postgres
--

SELECT pg_catalog.setval('reclamo_reclamo_id_seq', 1, false);


--
-- Data for Name: ruta_ruta; Type: TABLE DATA; Schema: public; Owner: postgres
--

COPY ruta_ruta (id, ruta, linea_id, ramal) FROM stdin;
4	0102000020E61000004F000000FFF50A0BEE7F4DC04CDBF81395653BC0AE4CBF44BC7F4DC0E026874F3A653BC0A43D5E48877F4DC0803D26529A653BC00E252191B67F4DC0BE8D942D92663BC05F6DC5FEB27F4DC03A170D198F663BC0AD93C151F27E4DC01A75029A08673BC0C232FD12F17E4DC01D3D450E11673BC0CC9FA86C587F4DC0543FFD67CD673BC0CC15A584607F4DC001965CC5E2673BC0C5F869DC9B7F4DC00176A73B4F683BC0B97B80EECB7F4DC04E572250FD673BC030CBD765F87F4DC0236C3F19E3673BC0E14A766C04804DC020D00B772E683BC0E0CB7D7214804DC0A579724D81683BC0CBCEA2772A804DC097899466F3683BC083F8872D3D804DC0161615713A693BC0E351F17F47804DC061CCCF0D4D693BC0576C054D4B804DC021AC545051693BC0302E8ECA4D804DC0BB9C4B7155693BC09B9D45EF54804DC0A74ACD1E68693BC0392D78D157804DC0249B728577693BC093442FA358804DC009124DA088693BC09C35B1C057804DC06BD6A71C93693BC0F9C6D79E59804DC074088ECBB8693BC0B12990D959804DC0831057CEDE693BC011EB8D5A61804DC0FEB9DA8AFD693BC0B3C667B27F804DC06028D2FD9C6A3BC0F47D384888804DC0175839B4C86A3BC0CE285DFA97804DC0746B60AB046B3BC06A4C88B9A4804DC0BF6ED8B6286B3BC0E6F2E670AD804DC0E7C14F1C406B3BC0A4B8AAECBB804DC0D7E15AED616B3BC08477B988EF804DC0B39DEFA7C66B3BC025205F4205814DC0E374CB0EF16B3BC054F52B9D0F814DC0354F3C670B6C3BC04998A25C1A814DC03CA6EECA2E6C3BC0F26DFAB31F814DC07AED4449486C3BC041B5882826814DC0DC2E34D7696C3BC035D906EE40814DC0C6A623809B6D3BC0733B342C46814DC04FCA1649BB6D3BC015889E9449814DC0745F402FDC6D3BC03CDF88EE59814DC012A1D80A9A6E3BC04D5C55F65D814DC03A11363CBD6E3BC074620FED63814DC065D72FD80D6F3BC0FEDBF3FC69814DC0332158552F6F3BC0EE1B5F7B66814DC0EFF8F6AE416F3BC09A38F24064814DC0EFE505D8476F3BC0A391088D60814DC07637C1374D6F3BC069A94A5B5C814DC07A8C648F506F3BC0D83EE42D57814DC0B6BEBA2A506F3BC04D0B259353814DC00A2F88484D6F3BC0C59D996038814DC068A06B5F406F3BC05AADDA3521814DC043BF7D1D386F3BC041BE840A0E814DC077FDF49F356F3BC0EA7A698A00814DC0EF1ED95C356F3BC064FAEC80EB804DC0B0412619396F3BC0744D81CCCE804DC0ACC6A013426F3BC0BEC760C5A9804DC0D8B1834A5C6F3BC0178EE733A0804DC0DF180280636F3BC01420D1048A804DC00CF8C3CF7F6F3BC0DAE8633E20804DC0E959D76839703BC0406ADAC5347F4DC088BBB376DB713BC0D11DFD2FD77E4DC0806F456282723BC064CF9ECBD47E4DC06A9F1C0588723BC0747CB438637E4DC021E09EE74F733BC096ADBCE47F7E4DC0180A9FAD83733BC0D84125AE637E4DC0B5503239B5733BC03F1405FA447E4DC0BBB1D991EA733BC05C8FC2F5287E4DC0539D9CA1B8733BC09293895B057D4DC00A0055DCB8753BC0D0F0660DDE7B4DC0A6108FC4CB773BC0801DC6A4BF7B4DC0F6C3414294773BC0CE58FB3BDB7B4DC0E818028063773BC05E566133C07B4DC0EAAB394030773BC0E035E84B6F7B4DC02DEA5A7B9F763BC03ECD02ED0E7B4DC03D06F2ECF2753BC0690B08AD877B4DC0A8D425E318753BC01FD65416857B4DC01D2EC72B10753BC03ED21918797B4DC0EC5910CAFB743BC0	4	Don Bosco IDA
5	0102000020E6100000420000003ED21918797B4DC0EC5910CAFB743BC0A9880CAB787B4DC0FBD37FD6FC743BC0397B67B4557B4DC081431A1538753BC03009DE90467B4DC09496917A4F753BC0591D0071577B4DC09B7AA4C16D753BC0901804560E7B4DC0877B1002F2753BC0610A9DD7D87B4DC059AD855968773BC022F433F5BA7B4DC04C3F1A4E99773BC087E07F2BD97B4DC09AB41B7DCC773BC0FADF4A766C7C4DC03B410DDFC2763BC04105C078067D4DC0FE730AF2B3753BC09293895B057D4DC00A0055DCB8753BC03D69E1B20A7D4DC0EF0C8CBCAC753BC0D25B035B257E4DC0B8FB8EE1B1733BC0A2052FFA0A7E4DC07D12D89C83733BC042D13C80457E4DC0DA33F6251B733BC09F2DAEF1997E4DC09EE2E313B2733BC08CCA4DD4D27E4DC009F7031E18743BC051FBAD9D287F4DC0BE26327381733BC020AAB706B67E4DC051E82E89B3723BC0FFF5D1A92B7F4DC0C03BDD79E2713BC08D5E0D501A804DC043C3D4963A703BC0476AA16472804DC0B86B09F9A06F3BC074909E2287804DC0E7CC3D247C6F3BC0AA8251499D804DC02E2D5C56616F3BC0095DC2A1B7804DC0CDC58A1A4C6F3BC077992842EA804DC019950D6B2A6F3BC09393895B05814DC061C554FA096F3BC0D011876C20814DC0765776C1E06E3BC0260E677E35814DC092CCB1BCAB6E3BC037963E7441814DC05957B08D786E3BC0440C3B8C49814DC0C1E82B48336E3BC05A001AA54B814DC0E14960730E6E3BC0A8C343183F814DC0ABB35A608F6D3BC0FD91B06F27814DC0C10C8D27826C3BC00AFA449E24814DC0334A5E9D636C3BC05089247A19814DC09616BCE82B6C3BC0D69FFD4811814DC02266683C116C3BC0970DF96706814DC06EA88AA9F46B3BC0BFD7D7BAD4804DC01A7C28D1926B3BC094B33EE598804DC02D5706D5066B3BC0FC7C224F92804DC0076553AEF06A3BC0E77ADB4C85804DC05F4FADBEBA6A3BC09A86E12362804DC087490D6D006A3BC0049700FC53804DC0593CA06CCA693BC0CCE7154F3D804DC0A31309A69A693BC02D280CCA34804DC067FD9FC37C693BC03EC7478B33804DC034AB3E575B693BC0296BD44334804DC0E5B2D1393F693BC03C0A100533804DC097BA641C23693BC0B3FB1C1F2D804DC0CCD8D0CDFE683BC013F6ED2422804DC082CB63CDC8683BC06ED3D85E0B804DC0BB98F4F752683BC0A7545051F57F4DC05754FD4AE7673BC0E72B8194D87F4DC008A051BAF4673BC0AFCDC64ACC7F4DC0DA91B1DAFC673BC041E7FC14C77F4DC0A58F32E202683BC04E94BDA59C7F4DC0AFC9E1934E683BC0B6F1EEC8587F4DC0EB54C03DCF673BC077E9EDCF457F4DC00235B56CAD673BC0C86647AAEF7E4DC08902B68311673BC0CCE0B6B6F07E4DC04A4BE5ED08673BC0081346B3B27F4DC091A5D6FB8D663BC0953A014D847F4DC0AA8D78B29B653BC08EAA2688BA7F4DC055E0D6DD3C653BC0FFF50A0BEE7F4DC04CDBF81395653BC0	4	Don Bosco VUELTA
6	0102000020E61000005A0000003EFF76D9AF794DC0774CA4349B7B3BC01ED3DA34B6794DC0C20B5BB3957B3BC0BC69334E437A4DC0C17AA356987A3BC0D00BB08F4E7B4DC0468E0244C1783BC0E8C3EC65DB7B4DC0C8B69A75C6773BC0B22094F7717C4DC0BBEF517FBD763BC0143E5B07077D4DC0685E471CB2753BC09293895B057D4DC00A0055DCB8753BC0CE5D4BC8077D4DC045CB2C42B1753BC09870AFCC5B7D4DC07B1C3F541A753BC0A893FAB2B47D4DC0928C63247B743BC0D25B035B257E4DC0B8FB8EE1B1733BC01E7959130B7E4DC0EEB94C4D82733BC0DF0BCC0A457E4DC06DB14D2A1A733BC06779573D607E4DC0E8DE35E84B733BC0747CB438637E4DC0299DD66D50733BC0C73159DC7F7E4DC0C80166BE83733BC09F2DAEF1997E4DC09EE2E313B2733BC0C9B9DBF5D27E4DC0B9AB02B518743BC0CCD9C9E0287F4DC07A7A6CCB80733BC05CDC0DA2B57E4DC0D1091346B3723BC0FFF5D1A92B7F4DC0C03BDD79E2713BC04078EDD2867F4DC0267D93A641713BC0E70B21E7FD7F4DC02B7365506D703BC08D5E0D501A804DC043C3D4963A703BC076EE3D5C72804DC0A2772AE09E6F3BC0CBEA1D6E87804DC00DC8EC2C7A6F3BC03F139A2496804DC0F9E714E4676F3BC0A6164A26A7804DC0737973B8566F3BC00B828E56B5804DC0DC3FFA264D6F3BC0567F8461C0804DC0EC906280446F3BC0BC823463D1804DC042B8AD2D3C6F3BC0FDBA0CFFE9804DC0426BF0BE2A6F3BC027EBFEB110814DC0442EFF21FD6E3BC0725089EB18814DC0227EFE7BF06E3BC0C893A46B26814DC07A5F5CAAD26E3BC035F06AB933814DC0C115342DB16E3BC0796473D53C814DC0742497FF906E3BC07BB9162D40814DC0FBF8BD4D7F6E3BC0CCDF4BE141814DC0E601BA2F676E3BC06F0B5D8940814DC05300FE29556E3BC0E6B2D1393F814DC0D304FC1A496E3BC0BFDCEEE53E814DC0425E9D63406E3BC0EF608BDD3E814DC0C90CE2033B6E3BC03B0D51853F814DC0276BD443346E3BC0ACD51EF642814DC036C85D84296E3BC0FCD687F546814DC03343E389206E3BC00F0E2F8848814DC0E3C70A7E1B6E3BC08DA9825149814DC02787C1FC156E3BC01E36583849814DC0A81820D1046E3BC0A0D2C1FA3F814DC0BE5296218E6D3BC06EB6B9313D814DC0E1BED53A716D3BC01031EC3026814DC033376DC6696C3BC0237FF78E1A814DC043205ED72F6C3BC089F337A110814DC0FCF719170E6C3BC0620FED6305814DC09FFFACF9F16B3BC08B9FFF1EBC804DC0148E2095626B3BC04863B48EAA804DC0D817096D396B3BC0F14108C897804DC0F4CF0CE2036B3BC0E1519CA38E804DC0FF10C64FE36A3BC0CBEA1D6E87804DC0AAD590B8C76A3BC0A277634161804DC05505DCF3FC693BC05712D90759804DC0D2E1E82ADD693BC0F31C91EF52804DC03CC23060C9693BC05791D10149804DC0B14DD53DB2693BC007F8FC3042804DC035F10EF0A4693BC0C5F693313E804DC06A3656629E693BC0B49E93DE37804DC0ABB35A608F693BC02D280CCA34804DC067FD9FC37C693BC0911249F432804DC02016F88A6E693BC0AB7D3A1E33804DC0ECC6BB2363693BC069179AEB34804DC070C0AE264F693BC0B6C35F9335804DC0654E250340693BC07AF99D2633804DC0326F63B323693BC01504560E2D804DC05899F04BFD683BC009BE30992A804DC0CD355A0EF4683BC0147E37DDB27F4DC01884F23E8E663BC05F6DC5FEB27F4DC03A170D198F663BC01004C8D0B17F4DC0732497FF90663BC077E9EDCF457F4DC00B207C28D1663BC03BD7F7E1207F4DC005E8853B17663BC01D09FB76127F4DC02CBB6070CD653BC05BAE450BD07E4DC041799109F8653BC0CEBD4EEACB7E4DC09C0645F300663BC0F4FBC56CC97E4DC04522C2BF08663BC06CD784B4C67E4DC0FE3D3F8C10663BC0D0048A58C47E4DC0633387A416663BC06A82E15CC37E4DC0881475E61E663BC052AF5B04C67E4DC0DA14C8EC2C663BC0903655F7C87E4DC0CB80971936663BC0	4	Villa Monona VUELTA
3	0102000020E610000057000000903655F7C87E4DC0CB80971936663BC0CE4752D2C37E4DC03943E38920663BC05017F032C37E4DC08CC6A17E17663BC0E790D442C97E4DC0C5C9367007663BC0E6284014CC7E4DC0A02B11A8FE653BC0CC988235CE7E4DC0824A2366F6653BC0C10F406A137F4DC074CFBA46CB653BC0BC6169E0477F4DC034F65E7CD1663BC0081346B3B27F4DC091A5D6FB8D663BC032639813B47F4DC023D9959691663BC05D268A90BA7F4DC06301DA56B3663BC0B4F605F4C27F4DC013B7D100DE663BC0240DA7CCCD7F4DC05125034015673BC06F2F698CD67F4DC04162F4DC42673BC09CF9D51C20804DC0601B6327BC683BC0D83994A12A804DC097899466F3683BC03E2FDCB930804DC03141B8020A693BC01842959A3D804DC08737F92D3A693BC039AC70CB47804DC03FF6ECB94C693BC0AC743E3C4B804DC0DD42572250693BC0C4779B374E804DC0B3DF13EB54693BC0281B9DF353804DC0FE95CE8767693BC0FEFA213658804DC07BA3AB7477693BC0702B84D558804DC02B32C85D84693BC0F709A01859804DC024A5677A89693BC0CE76853E58804DC05FBDFC4E93693BC00475914259804DC01770CFF3A7693BC0CAFF722D5A804DC0C7EBFA05BB693BC0FB830F255A804DC083531F48DE693BC0422C62D861804DC00AD38558FD693BC011F9F5436C804DC0C1A563CE336A3BC00E768A5583804DC020253D0CAD6A3BC027BF0CC688804DC0CC68AB92C86A3BC0FA277FF78E804DC0EA538EC9E26A3BC0E6934E2498804DC0CBF9298E036B3BC0199C4F1DAB804DC0730FD07D396B3BC00A3B53E8BC804DC0946C3CD8626B3BC0F658FAD005814DC07153E751F16B3BC01E3D450E11814DC084D6355A0E6C3BC01AD13DEB1A814DC0653909A52F6C3BC05AADDA3521814DC0E481C8224D6C3BC01FEE23B726814DC0A03FA6B5696C3BC04F44F81741814DC0369160AA996D3BC0B1E7F9D346814DC00555F833BC6D3BC038A1496249814DC0EA7519FED36D3BC0BEC58A1A4C814DC0A52006BAF66D3BC0DAD64FFF59814DC091484DBB986E3BC072A5D76663814DC0345706D5066F3BC0781F477364814DC0A983F57F0E6F3BC0A8D3BA0D6A814DC0D9FA22A12D6F3BC09F8D959867814DC0126F2BBD366F3BC09F8D959867814DC00A2593533B6F3BC0215D33F966814DC0208C1189426F3BC0E592718C64814DC0DC899290486F3BC01E7024D060814DC055DB4DF04D6F3BC09A2DE7525C814DC07A499C15516F3BC09C4F560C57814DC0365A0EF4506F3BC040E3FBE252814DC0DC3FFA264D6F3BC0FF12B87537814DC068A06B5F406F3BC0D0544FE61F814DC00E8D2782386F3BC0C28D226B0D814DC055A18158366F3BC0EA7A698A00814DC0FE984869366F3BC0E06D179AEB804DC0740FD07D396F3BC0744D81CCCE804DC0C2FD47A6436F3BC03E64CA87A0804DC06EB45549646F3BC03AF6B3588A804DC02ECEA623806F3BC0DAE8633E20804DC0E959D76839703BC02E333333337F4DC0509B38B9DF713BC02DBD361B2B7F4DC0C015FBCBEE713BC0045FD1ADD77E4DC09388F02F82723BC07BE84999D47E4DC0E5DEFC8689723BC062DD7877647E4DC051B6813B50733BC02BF7C951807E4DC041E0810184733BC0D84125AE637E4DC0B5503239B5733BC061DB696B447E4DC0A0982EC4EA733BC04324D1CB287E4DC0E2F527F1B9733BC09293895B057D4DC00A0055DCB8753BC0204C8A8F4F7C4DC039BF9A0304773BC0CAD63384637A4DC0E03DB2B96A7A3BC0CA02ED0E297A4DC0CF995FCD017A3BC0952232ACE2794DC04FEEE9EA8E793BC0361C5DA5BB794DC07165170CAE793BC0F60A0BEE077A4DC0ADE15B58377A3BC052FA42C879794DC0C878CDAB3A7B3BC0BABA2A508B794DC074EC12D55B7B3BC0DBDDCA129D794DC05592AE997C7B3BC03EFF76D9AF794DC0774CA4349B7B3BC0	4	Villa Monona IDA
8	0102000020E610000032000000B575374F75844DC0DDFC868906753BC0F950DB8651844DC0A705F69848753BC0E9FB372F4E844DC0456551D845753BC0315E2C0C91834DC0826B7C26FB733BC0159E978A8D834DC094D31055F8733BC019A20A7F86834DC0722D05A4FD733BC08C4B55DAE2824DC0738FDE701F753BC0E8A9471ADC824DC0F618575C1C753BC07B5BE9B5D9824DC02713F06B24753BC0171E6D1CB1824DC0F98EA850DD743BC00CFD135CAC824DC008C64FE3DE743BC0AF80423D7D824DC0A3E925C632753BC08D463EAF78824DC0491AA37554753BC050BD35B055824DC07419709692753BC0B20CAA0D4E824DC0B0B2446799753BC018A6B6D441824DC09D43E048A0753BC0E513B2F336824DC0191A16A3AE753BC0B238639813824DC08882E0F1ED753BC0A88AA9F413824DC07D137CD3F4753BC097A8A5B915824DC062A417B5FB753BC0AA47E17A14824DC0265FD04202763BC056EC681CEA814DC04244DC9C4A763BC00D4D124BCA814DC001C8D0B183763BC0F0F411F8C3814DC017FF774485763BC07593DFA293814DC01659F96530763BC068EEE87FB9804DC0B6813B50A7743BC06F47FFCBB5804DC02FA31F0DA7743BC01744A4A65D804DC057FDBCA948753BC00F9CFA40F27E4DC061567DAEB6723BC06D4F90D8EE7E4DC020C8B3CBB7723BC00D12691B7F7E4DC07900FDBE7F733BC079E3A430EF7D4DC0523541D47D743BC0180934D8D47D4DC0D187F546AD743BC089F37002D37D4DC054FE7C5BB0743BC08F8F4FC8CE7D4DC0E7BE9CD9AE743BC0DFC3B304197D4DC08E9C137B68733BC04FA7751BD47C4DC085EECB99ED723BC02E6D718DCF7C4DC045AA9A20EA723BC0DAFDF15EB57C4DC0CF9B8A5418733BC0B322A303927C4DC0E711DC48D9723BC0B237F8C2647C4DC0ED9B340D8A723BC03E1A87FA5D7C4DC0C810001C7B723BC038E63C635F7C4DC0D0B051D66F723BC0B577465B957C4DC096E062450D723BC0AE23473A037D4DC0AE7F65A549713BC0A1DD21C5007D4DC036419B1C3E713BC029FF5A5EB97C4DC084F1457BBC703BC04683143C857C4DC006A568E55E703BC0F4CD6F98687C4DC0B92F67B62B703BC0091FD8F15F7C4DC0AA1EA2D11D703BC0	10	A IDA
7	0102000020E610000036000000091FD8F15F7C4DC0AA1EA2D11D703BC02C280CCA347C4DC0B0226AA2CF6F3BC09C0914B1887B4DC0032769FE986E3BC021938C9C857B4DC08BC2BCC7996E3BC054A86E2EFE7A4DC047FD67CD8F6F3BC03DB48F15FC7A4DC0700322C4956F3BC0EFB25F77BA7B4DC029FCE07CEA703BC04EDE0033DF7B4DC0EA1071732A713BC06C5BCD3AE37B4DC09164ABCB29713BC05A02B7EEE67B4DC0902D043928713BC08DEB18575C7C4DC0C7ED974F56703BC00E3CBEBD6B7C4DC0004EB6813B703BC043AD69DE717C4DC039FB912232703BC03B545392757C4DC03593FDF334703BC051978C63247D4DC071E789E76C713BC05354C4E9247D4DC04E417E3672713BC0F978AF5A997C4DC05FD905836B723BC004E14389967C4DC0DA48BDA772723BC08A662C9ACE7C4DC01587FA5DD8723BC01E6937FA987D4DC0DAC5A69542743BC0161021AE9C7D4DC094B81CAF40743BC09B508880437E4DC0B4C5A70018733BC0AE1F9BE4477E4DC084EFC4AC17733BC0CFB837BF617E4DC0373D282845733BC00CB8E7F9D37E4DC0329D0FCF12743BC019BB44F5D67E4DC081B169A510743BC01833FB3C467F4DC0D964C6DB4A733BC0145454FD4A7F4DC0F43AA92F4B733BC0F9C6D79E59804DC0F334272F32753BC01744A4A65D804DC057FDBCA948753BC03CD34B8C65804DC05C3C4A253C753BC029FF5A5EB9804DC0AA38B9DFA1743BC0A4B8AAECBB804DC06EC39ACAA2743BC034682101A3814DC064BA10AB3F763BC0FDF76EF3C6814DC041DC2A8881763BC0029F58A7CA814DC001C8D0B183763BC0B58D06F016824DC0ED1A9FC9FE753BC09F9927D714824DC0B8889AE8F3753BC09453026212824DC0E3654D2CF0753BC0BBC1508715824DC0D0963AC8EB753BC00D60915F3F824DC07B6DFDF49F753BC025D5777E51824DC0343CBD5296753BC08B89062978824DC054E9B5D958753BC09A24CFF57D824DC0607407B133753BC0120FEF39B0824DC034CD1FD3DA743BC015649291B3824DC01F9D4830D5743BC0E8A9471ADC824DC0F618575C1C753BC09661A3ACDF824DC098CD55F31C753BC0146EC0E787834DC03E880FECF8733BC00C15AA9B8B834DC0B7791C06F3733BC03383F8C08E834DC07B04FEF0F3733BC0E35CFC6D4F844DC0DC7A14AE47753BC0EB93A30051844DC00D889E9449753BC0B575374F75844DC0DDFC868906753BC0	10	A Vuelta
10	0102000020E610000030000000B575374F75844DC0DDFC868906753BC0DFE5E95C51844DC00C51F70148753BC0E9FB372F4E844DC0A705F69848753BC017F33AE290834DC0595EF23FF9733BC013E15F048D834DC03E880FECF8733BC0FD9B508880834DC0A35775560B743BC0927F9F71E1824DC0A49C685721753BC0E8A9471ADC824DC0F618575C1C753BC07015C440D7824DC0247B849A21753BC0BA3C64CA87824DC06B5111A793743BC0B42A89EC83824DC0A4656B7D91743BC0304069A851824DC0525854C4E9743BC0287156444D824DC0FC73D190F1743BC0FAB2EDB435824DC0F43C2AFEEF743BC00361A75835824DC06E51F4C0C7743BC08133BF9A03824DC00112143FC6743BC072732A1900824DC0EE4201DBC1743BC076ED992501824DC0562041F163743BC060F9BA0CFF814DC01A57957D57743BC051B81E85EB814DC05EEF703B34743BC03590F5D4EA814DC0D779FF1F27743BC0434D2D5BEB814DC0176B4606B9733BC0366F9C14E6814DC087BE2D58AA733BC047B9347EE1814DC08BF6EAE3A1733BC09F9927D714824DC0692DCC423B733BC01294DBF63D824DC0E326DC2BF3723BC0103F389F3A824DC0AFCB7EDDE9723BC08975711B0D824DC0523BC3D496723BC08520CEC309824DC0B4EE586C93723BC086423D7D04824DC0A14F1DAB94723BC07EDE1B4300824DC0FC02B34291723BC026A4FCA4DA814DC0F86A47718E723BC0F2325184D4814DC0BCBE81C98D723BC00A6E6B0BCF814DC007A2EE0390723BC096D8EE1EA0814DC05BB16A10E6723BC0B07614E7A8814DC0A6E194B9F9723BC09C8235CEA6814DC0D71EF64201733BC01744A4A65D804DC057FDBCA948753BC0392F151BF37E4DC04A18062CB9723BC04F4563EDEF7E4DC0868D2441B8723BC00D12691B7F7E4DC07900FDBE7F733BC02FFD12F1D67D4DC0F2263108AC743BC0965E622CD37D4DC0816CCB80B3743BC09C1F0DA7CC7D4DC0BDB112F3AC743BC0B16CE690D47C4DC05418E945ED723BC0C6988235CE7C4DC045AA9A20EA723BC0DAFDF15EB57C4DC0CF9B8A5418733BC0C4AE264F597B4DC0D09AE61DA7703BC0	10	B IDA
9	0102000020E61000003B000000C4AE264F597B4DC0D09AE61DA7703BC07673F1B73D7B4DC016A96917D3703BC08121AB5B3D7B4DC0CFCBB6D3D6703BC0D081ACA7567B4DC021A94C3107713BC0CAE5CDE15A7B4DC02F79758E01713BC029FA0AD28C7B4DC03A425BCEA5703BC05200C5C8927B4DC09F8D5C37A5703BC0F88381E7DE7B4DC094FC169D2C713BC007441669E27B4DC08CC56F0A2B713BC02304ABEAE57B4DC0975DDBDB2D713BC006B7B585E77B4DC00F9CA56439713BC08A662C9ACE7C4DC01587FA5DD8723BC01CACFF73987D4DC0F1031E1840743BC010D9791B9B7D4DC0DAC5A69542743BC0B578B130447E4DC010B0E42A16733BC0A471E140487E4DC084EFC4AC17733BC0CFB837BF617E4DC0373D282845733BC0C9B9DBF5D27E4DC0014DBD6E11743BC05230630AD67E4DC0DF76DA1A11743BC0CB863595457F4DC0B8C58A1A4C733BC058772CB6497F4DC04AC972124A733BC019DC0F7860804DC0452EAA4544753BC01744A4A65D804DC057FDBCA948753BC0EF9925016A804DC0C68F31772D753BC07BD07AF832814DC0478EE6C8CA733BC0E8E923F087814DC0F825A94C31733BC09AFF1EBC76814DC04CF52B9D0F733BC0D303ADC090814DC0F7AF0111E2723BC0FC0967B796814DC01F1F662FDB723BC0FC7F63CF9E814DC090268925E5723BC014A4198BA6814DC01F1F662FDB723BC07B36397CD2814DC0BCBE81C98D723BC0FEF0811DFF814DC0CB2CD0EE90723BC04EF2EA1C03824DC0CE5DBD8A8C723BC0DF59F44E05824DC0AD143B1A87723BC0473140A209824DC0FCA204FD85723BC048C9AB730C824DC0CBC551B989723BC0BF2D58AA0B824DC0DAA63FFB91723BC05D98BED710824DC08378245E9E723BC0E564E25641824DC0DBAC6C1FF2723BC0521BD5E940824DC04CBB5F05F8723BC0315DC136E2814DC0979526A5A0733BC02D594E42E9814DC0DEF63DEAAF733BC029E23B31EB814DC07D2DE8BD31743BC07430629F00824DC078C64CA25E743BC06B3FE08101824DC06C57E88365743BC01681EA1F44824DC0962DCBD765743BC0079FE6E445824DC0D212640454743BC01D2B31CF4A824DC04B9DF2E846743BC0272A1BD654824DC04FE8A04B38743BC05055A18158824DC06257056A31743BC0E8A9471ADC824DC0F618575C1C753BC09661A3ACDF824DC0D2E1AFC91A753BC0180A9FAD83834DC01C19ABCDFF733BC006DE02098A834DC0D5E76A2BF6733BC0106A4DF38E834DC0BA1188D7F5733BC0D8A337DC47844DC0B950A4FB39753BC0F284251E50844DC0D7DBD8EC48753BC0B575374F75844DC0DDFC868906753BC0	10	B Vuelta
11	0102000020E61000005300000050C72AA567784DC0282AE274926D3BC008651A4D2E7A4DC0C397FBE4286C3BC00FA7CCCD377A4DC0127C7E18216C3BC0724CDD955D7A4DC08BF1EF332E6C3BC0D3A755F4877A4DC046D5AF743E6C3BC0F5E159828C7A4DC0EFB985AE446C3BC0E3DA8992907A4DC07343FE99416C3BC015925A28997A4DC09DB932A8366C3BC06D1CB1169F7A4DC0749692E5246C3BC05EA2410A9E7A4DC0CEB2D2A4146C3BC0503750E09D7A4DC02206BAF6056C3BC076A59E05A17A4DC0CF0567F0F76B3BC04746CEC29E7A4DC09C5F7825C96B3BC054492BBEA17A4DC006EA060ABC6B3BC06A7C26FBE77B4DC01AA7AFE76B6A3BC062BB7B80EE7B4DC01E0F4416696A3BC080F10C1AFA7B4DC070EBE0606F6A3BC09C8F32E2027C4DC021075E2D776A3BC0C80F5CE5097C4DC0E9F9D346756A3BC0CFDB114E0B7C4DC03FAE7FD7676A3BC0A4E8482EFF7B4DC080622B685A6A3BC0862557B1F87B4DC0DB15C1FF566A3BC079AF5A99F07B4DC01E5B0872506A3BC06CACFD9DED7B4DC071774831406A3BC08A29CAA5F17B4DC09B006E162F6A3BC08B37328FFC7B4DC0D715DEE5226A3BC0A0E4D539067C4DC0FAF290291F6A3BC0F61EF5D72B7C4DC0D1687231066A3BC04D92E7FA3E7C4DC06801A1F5F0693BC04CB340BB437C4DC01999B9C0E5693BC01F3317B83C7C4DC069840CE4D9693BC0D9D1FF722D7C4DC0E52A6B9BE2693BC0633A747ADE7B4DC0130F61FC346A3BC01C41F163CC7B4DC06AA71FD4456A3BC01F2098A3C77B4DC02662D8614C6A3BC060CC5D4BC87B4DC05B07CE19516A3BC031AC1BEF8E7A4DC021ACFF73986B3BC01D8CD827807A4DC0EC66B8019F6B3BC0F247DFA4697A4DC0921AA19FA96B3BC08D5B936E4B7A4DC04E6EDBF7A86B3BC0AFB706B64A7A4DC05DD5592DB06B3BC08B36C7B94D7A4DC086C8224DBC6B3BC0E8BB94BA647A4DC07A29E78BBD6B3BC0D6FAE93F6B7A4DC0598AABCABE6B3BC0CE393FC5717A4DC0AF0584D6C36B3BC0E882C135777A4DC0F69672BED86B3BC0F73FF9BB777A4DC02A594E42E96B3BC015255AF2787A4DC0D36DFB1EF56B3BC01303EB387E7A4DC07951BB5F056C3BC0308CBB41B47A4DC027AB22DC646C3BC07BDAE1AFC97A4DC050B2D5E5946C3BC0CD3E56F0DB7A4DC0CDE1CCAFE66C3BC0D1E429ABE97A4DC0D78E1B7E376D3BC0D8484BE5ED7A4DC00381CEA44D6D3BC0E789E76C017B4DC0A78E8EAB916D3BC053FBAD9D287B4DC0976CCA15DE6D3BC0935D6919A97B4DC0AA185932C76E3BC06BA818E76F7C4DC0031FF5D72B703BC0091FD8F15F7C4DC0AA1EA2D11D703BC057E41071737C4DC0CC78E92631703BC04D1553E9277E4DC09233863941733BC061E4654D2C7E4DC0F87266BB42733BC0BD69334E437E4DC0DB3AC61517733BC0C27B0E2C477E4DC0CF9B8A5418733BC00D12691B7F7E4DC07900FDBE7F733BC0BCBF7ADCB77E4DC0A8F5B704E0733BC0BE7CB262B87E4DC020CD0358E4733BC0EF2E17F19D7E4DC05B73F22213743BC086355CE49E7E4DC03D6C223317743BC07F113466127F4DC040C0E8F2E6743BC0A0E8BAF0837F4DC0124AED45B4753BC05551836918804DC0A86DFC89CA763BC0AC8DB1135E804DC0193E22A644763BC04400A94D9C804DC064C7D45DD9753BC017BA4BE2AC804DC01C2F1686C8753BC09D26FA7C94814DC04376DEC666773BC0A86C1FF296814DC01D683EE76E773BC0C136A968AC814DC0BD29577897773BC01BE21FB6F4824DC0492D944C4E753BC0A823809BC5834DC06829CB10C7763BC064E76D6C76844DC0778104C58F753BC0F284251E50844DC0F2B1BB4049753BC0B575374F75844DC0DDFC868906753BC0	10	C Vuelta
12	0102000020E61000003E000000B575374F75844DC0DDFC868906753BC0F950DB8651844DC0F281E49D43753BC00EAD4ECE50844DC0D47344BE4B753BC0322592E865844DC080A4C16D6D753BC06F95271076844DC070512D228A753BC06F95271076844DC0FF96C79A91753BC0D5A3A99ECC834DC0CBB359F5B9763BC0B469A510C8834DC0C674CC79C6763BC0CE61F71DC3834DC0ACD590B8C7763BC01BE21FB6F4824DC0492D944C4E753BC0A8AF75A911824DC03F072461DF763BC094459A7807824DC0D4AC6C1FF2763BC056B08D78B2814DC08CECF5EE8F773BC001787DE6AC814DC0958A1BB798773BC00B8ECBB8A9814DC0236937FA98773BC09B2FF65E7C814DC04731074147773BC0845242B0AA804DC0A33D096CCE753BC098AB58FCA6804DC02EFE28EACC753BC057A626C11B804DC074982F2FC0763BC05551836918804DC0A86DFC89CA763BC0FB5FE7A6CD7E4DC0A819C40776743BC073B88FDC9A7E4DC0058F6FEF1A743BC086BF5FCC967E4DC0369CF9D51C743BC016C022BF7E7E4DC040355EBA49743BC034C7F2AE7A7E4DC031FEB62748743BC06962484E267E4DC02E423F53AF733BC0336D382C0D7E4DC0EB64A9F57E733BC0387F130A117E4DC0A79BFD8172733BC0D64812842B7E4DC055EE3EC747733BC05CF75624267E4DC0D964C6DB4A733BC0AFA9BA47367D4DC09D56D11F9A713BC0AFA9BA47367D4DC09D56D11F9A713BC0091FD8F15F7C4DC0AA1EA2D11D703BC02FE7525C557C4DC0DECC936B0A703BC03732569BFF7B4DC07DC51A2E726F3BC0C72DAD86C47B4DC0756B60AB046F3BC038363B527D7B4DC0AC570394866E3BC0AC7C08AA467B4DC08E5DF756246E3BC01BB4571F0F7B4DC0EA6B2409C26D3BC0FB28232E007B4DC001BFB854A56D3BC0E3F60489ED7A4DC030C03E3A756D3BC0BC378600E07A4DC035FED2A23E6D3BC09A6516A1D87A4DC005F04FA9126D3BC08FA9F413CE7A4DC034A41820D16C3BC077853E58C67A4DC0806CCB80B36C3BC046F33977BB7A4DC084F04C68926C3BC02EE6E786A67A4DC011747B49636C3BC0EFB81AD9957A4DC0DD1A4AED456C3BC00B6EA46C917A4DC0219738F2406C3BC0E01D520C907A4DC0C6E3A25A446C3BC0E0AAB2EF8A7A4DC0E082DE1B436C3BC0C861307F857A4DC070AB92C83E6C3BC08B1F63EE5A7A4DC08BF1EF332E6C3BC0292026E1427A4DC0575FEB52236C3BC0339E08E23C7A4DC069C77F81206C3BC00A2252D32E7A4DC0FBA485CB2A6C3BC02B95F0845E794DC003978E39CF6C3BC0B944F5D6C0784DC0E1AAEB504D6D3BC0069C6C0377784DC0ECDAA50D876D3BC0EA95B20C71784DC0BDC5353E936D3BC0F1EEC8586D784DC05FAA0B78996D3BC050C72AA567784DC0282AE274926D3BC0	10	C IDA
\.


--
-- Name: ruta_ruta_id_seq; Type: SEQUENCE SET; Schema: public; Owner: postgres
--

SELECT pg_catalog.setval('ruta_ruta_id_seq', 1, false);


--
-- Data for Name: spatial_ref_sys; Type: TABLE DATA; Schema: public; Owner: postgres
--

COPY spatial_ref_sys  FROM stdin;
\.


--
-- Data for Name: usuarios_usuario; Type: TABLE DATA; Schema: public; Owner: postgres
--

COPY usuarios_usuario (id, password, last_login, is_superuser, username, first_name, last_name, email, is_staff, is_active, date_joined, dni) FROM stdin;
1	pbkdf2_sha256$120000$cHuCajWZSzJd$TtOuAHIUUo1u9p5d0dMS3cqauXn4wCqsv6xwofDU2tA=	2019-01-21 21:09:14.523967+00	t	busadmin				t	t	2019-01-14 22:38:30.455038+00	
3	pbkdf2_sha256$120000$ykZFUGGf4Kxd$4PW97NB46d0ykWw2gUCqC5M3E2VQct8uKeoQgO7wv7g=	2019-04-15 21:26:07.45995+00	t	retaxi			retaxi.dev@gmail.com	t	t	2019-04-15 21:25:56.208744+00	
\.


--
-- Data for Name: usuarios_usuario_groups; Type: TABLE DATA; Schema: public; Owner: postgres
--

COPY usuarios_usuario_groups (id, usuario_id, group_id) FROM stdin;
\.


--
-- Name: usuarios_usuario_groups_id_seq; Type: SEQUENCE SET; Schema: public; Owner: postgres
--

SELECT pg_catalog.setval('usuarios_usuario_groups_id_seq', 1, false);


--
-- Name: usuarios_usuario_id_seq; Type: SEQUENCE SET; Schema: public; Owner: postgres
--

SELECT pg_catalog.setval('usuarios_usuario_id_seq', 3, true);


--
-- Data for Name: usuarios_usuario_user_permissions; Type: TABLE DATA; Schema: public; Owner: postgres
--

COPY usuarios_usuario_user_permissions (id, usuario_id, permission_id) FROM stdin;
\.


--
-- Name: usuarios_usuario_user_permissions_id_seq; Type: SEQUENCE SET; Schema: public; Owner: postgres
--

SELECT pg_catalog.setval('usuarios_usuario_user_permissions_id_seq', 1, false);


--
-- Name: auth_group_name_key; Type: CONSTRAINT; Schema: public; Owner: postgres; Tablespace: 
--

ALTER TABLE ONLY auth_group
    ADD CONSTRAINT auth_group_name_key UNIQUE (name);


--
-- Name: auth_group_permissions_group_id_permission_id_0cd325b0_uniq; Type: CONSTRAINT; Schema: public; Owner: postgres; Tablespace: 
--

ALTER TABLE ONLY auth_group_permissions
    ADD CONSTRAINT auth_group_permissions_group_id_permission_id_0cd325b0_uniq UNIQUE (group_id, permission_id);


--
-- Name: auth_group_permissions_pkey; Type: CONSTRAINT; Schema: public; Owner: postgres; Tablespace: 
--

ALTER TABLE ONLY auth_group_permissions
    ADD CONSTRAINT auth_group_permissions_pkey PRIMARY KEY (id);


--
-- Name: auth_group_pkey; Type: CONSTRAINT; Schema: public; Owner: postgres; Tablespace: 
--

ALTER TABLE ONLY auth_group
    ADD CONSTRAINT auth_group_pkey PRIMARY KEY (id);


--
-- Name: auth_permission_content_type_id_codename_01ab375a_uniq; Type: CONSTRAINT; Schema: public; Owner: postgres; Tablespace: 
--

ALTER TABLE ONLY auth_permission
    ADD CONSTRAINT auth_permission_content_type_id_codename_01ab375a_uniq UNIQUE (content_type_id, codename);


--
-- Name: auth_permission_pkey; Type: CONSTRAINT; Schema: public; Owner: postgres; Tablespace: 
--

ALTER TABLE ONLY auth_permission
    ADD CONSTRAINT auth_permission_pkey PRIMARY KEY (id);


--
-- Name: django_admin_log_pkey; Type: CONSTRAINT; Schema: public; Owner: postgres; Tablespace: 
--

ALTER TABLE ONLY django_admin_log
    ADD CONSTRAINT django_admin_log_pkey PRIMARY KEY (id);


--
-- Name: django_content_type_app_label_model_76bd3d3b_uniq; Type: CONSTRAINT; Schema: public; Owner: postgres; Tablespace: 
--

ALTER TABLE ONLY django_content_type
    ADD CONSTRAINT django_content_type_app_label_model_76bd3d3b_uniq UNIQUE (app_label, model);


--
-- Name: django_content_type_pkey; Type: CONSTRAINT; Schema: public; Owner: postgres; Tablespace: 
--

ALTER TABLE ONLY django_content_type
    ADD CONSTRAINT django_content_type_pkey PRIMARY KEY (id);


--
-- Name: django_migrations_pkey; Type: CONSTRAINT; Schema: public; Owner: postgres; Tablespace: 
--

ALTER TABLE ONLY django_migrations
    ADD CONSTRAINT django_migrations_pkey PRIMARY KEY (id);


--
-- Name: django_session_pkey; Type: CONSTRAINT; Schema: public; Owner: postgres; Tablespace: 
--

ALTER TABLE ONLY django_session
    ADD CONSTRAINT django_session_pkey PRIMARY KEY (session_key);


--
-- Name: linea_linea_pkey; Type: CONSTRAINT; Schema: public; Owner: postgres; Tablespace: 
--

ALTER TABLE ONLY linea_linea
    ADD CONSTRAINT linea_linea_pkey PRIMARY KEY (id);


--
-- Name: novedad_novedad_pkey; Type: CONSTRAINT; Schema: public; Owner: postgres; Tablespace: 
--

ALTER TABLE ONLY novedad_novedad
    ADD CONSTRAINT novedad_novedad_pkey PRIMARY KEY (id);


--
-- Name: parada_parada_pkey; Type: CONSTRAINT; Schema: public; Owner: postgres; Tablespace: 
--

ALTER TABLE ONLY parada_parada
    ADD CONSTRAINT parada_parada_pkey PRIMARY KEY (id);


--
-- Name: reclamo_reclamo_pkey; Type: CONSTRAINT; Schema: public; Owner: postgres; Tablespace: 
--

ALTER TABLE ONLY reclamo_reclamo
    ADD CONSTRAINT reclamo_reclamo_pkey PRIMARY KEY (id);


--
-- Name: ruta_ruta_pkey; Type: CONSTRAINT; Schema: public; Owner: postgres; Tablespace: 
--

ALTER TABLE ONLY ruta_ruta
    ADD CONSTRAINT ruta_ruta_pkey PRIMARY KEY (id);


--
-- Name: usuarios_usuario_email_key; Type: CONSTRAINT; Schema: public; Owner: postgres; Tablespace: 
--

ALTER TABLE ONLY usuarios_usuario
    ADD CONSTRAINT usuarios_usuario_email_key UNIQUE (email);


--
-- Name: usuarios_usuario_groups_pkey; Type: CONSTRAINT; Schema: public; Owner: postgres; Tablespace: 
--

ALTER TABLE ONLY usuarios_usuario_groups
    ADD CONSTRAINT usuarios_usuario_groups_pkey PRIMARY KEY (id);


--
-- Name: usuarios_usuario_groups_usuario_id_group_id_4ed5b09e_uniq; Type: CONSTRAINT; Schema: public; Owner: postgres; Tablespace: 
--

ALTER TABLE ONLY usuarios_usuario_groups
    ADD CONSTRAINT usuarios_usuario_groups_usuario_id_group_id_4ed5b09e_uniq UNIQUE (usuario_id, group_id);


--
-- Name: usuarios_usuario_pkey; Type: CONSTRAINT; Schema: public; Owner: postgres; Tablespace: 
--

ALTER TABLE ONLY usuarios_usuario
    ADD CONSTRAINT usuarios_usuario_pkey PRIMARY KEY (id);


--
-- Name: usuarios_usuario_user_pe_usuario_id_permission_id_217cadcd_uniq; Type: CONSTRAINT; Schema: public; Owner: postgres; Tablespace: 
--

ALTER TABLE ONLY usuarios_usuario_user_permissions
    ADD CONSTRAINT usuarios_usuario_user_pe_usuario_id_permission_id_217cadcd_uniq UNIQUE (usuario_id, permission_id);


--
-- Name: usuarios_usuario_user_permissions_pkey; Type: CONSTRAINT; Schema: public; Owner: postgres; Tablespace: 
--

ALTER TABLE ONLY usuarios_usuario_user_permissions
    ADD CONSTRAINT usuarios_usuario_user_permissions_pkey PRIMARY KEY (id);


--
-- Name: usuarios_usuario_username_key; Type: CONSTRAINT; Schema: public; Owner: postgres; Tablespace: 
--

ALTER TABLE ONLY usuarios_usuario
    ADD CONSTRAINT usuarios_usuario_username_key UNIQUE (username);


--
-- Name: auth_group_name_a6ea08ec_like; Type: INDEX; Schema: public; Owner: postgres; Tablespace: 
--

CREATE INDEX auth_group_name_a6ea08ec_like ON auth_group USING btree (name varchar_pattern_ops);


--
-- Name: auth_group_permissions_group_id_b120cbf9; Type: INDEX; Schema: public; Owner: postgres; Tablespace: 
--

CREATE INDEX auth_group_permissions_group_id_b120cbf9 ON auth_group_permissions USING btree (group_id);


--
-- Name: auth_group_permissions_permission_id_84c5c92e; Type: INDEX; Schema: public; Owner: postgres; Tablespace: 
--

CREATE INDEX auth_group_permissions_permission_id_84c5c92e ON auth_group_permissions USING btree (permission_id);


--
-- Name: auth_permission_content_type_id_2f476e4b; Type: INDEX; Schema: public; Owner: postgres; Tablespace: 
--

CREATE INDEX auth_permission_content_type_id_2f476e4b ON auth_permission USING btree (content_type_id);


--
-- Name: django_admin_log_content_type_id_c4bce8eb; Type: INDEX; Schema: public; Owner: postgres; Tablespace: 
--

CREATE INDEX django_admin_log_content_type_id_c4bce8eb ON django_admin_log USING btree (content_type_id);


--
-- Name: django_admin_log_user_id_c564eba6; Type: INDEX; Schema: public; Owner: postgres; Tablespace: 
--

CREATE INDEX django_admin_log_user_id_c564eba6 ON django_admin_log USING btree (user_id);


--
-- Name: django_session_expire_date_a5c62663; Type: INDEX; Schema: public; Owner: postgres; Tablespace: 
--

CREATE INDEX django_session_expire_date_a5c62663 ON django_session USING btree (expire_date);


--
-- Name: django_session_session_key_c0390e0f_like; Type: INDEX; Schema: public; Owner: postgres; Tablespace: 
--

CREATE INDEX django_session_session_key_c0390e0f_like ON django_session USING btree (session_key varchar_pattern_ops);


--
-- Name: novedad_novedad_creado_por_id_8a38ddc4; Type: INDEX; Schema: public; Owner: postgres; Tablespace: 
--

CREATE INDEX novedad_novedad_creado_por_id_8a38ddc4 ON novedad_novedad USING btree (creado_por_id);


--
-- Name: novedad_novedad_linea_id_e7f526e3; Type: INDEX; Schema: public; Owner: postgres; Tablespace: 
--

CREATE INDEX novedad_novedad_linea_id_e7f526e3 ON novedad_novedad USING btree (linea_id);


--
-- Name: parada_parada_linea_id_b5f219ad; Type: INDEX; Schema: public; Owner: postgres; Tablespace: 
--

CREATE INDEX parada_parada_linea_id_b5f219ad ON parada_parada USING btree (linea_id);


--
-- Name: parada_parada_ruta_id_29699c63; Type: INDEX; Schema: public; Owner: postgres; Tablespace: 
--

CREATE INDEX parada_parada_ruta_id_29699c63 ON parada_parada USING btree (ruta_id);


--
-- Name: parada_parada_ubicacion_id; Type: INDEX; Schema: public; Owner: postgres; Tablespace: 
--

CREATE INDEX parada_parada_ubicacion_id ON parada_parada USING gist (ubicacion);


--
-- Name: reclamo_reclamo_creado_por_id_c6a36171; Type: INDEX; Schema: public; Owner: postgres; Tablespace: 
--

CREATE INDEX reclamo_reclamo_creado_por_id_c6a36171 ON reclamo_reclamo USING btree (creado_por_id);


--
-- Name: reclamo_reclamo_linea_id_66f4b21d; Type: INDEX; Schema: public; Owner: postgres; Tablespace: 
--

CREATE INDEX reclamo_reclamo_linea_id_66f4b21d ON reclamo_reclamo USING btree (linea_id);


--
-- Name: ruta_ruta_linea_id_565bb383; Type: INDEX; Schema: public; Owner: postgres; Tablespace: 
--

CREATE INDEX ruta_ruta_linea_id_565bb383 ON ruta_ruta USING btree (linea_id);


--
-- Name: ruta_ruta_ruta_id; Type: INDEX; Schema: public; Owner: postgres; Tablespace: 
--

CREATE INDEX ruta_ruta_ruta_id ON ruta_ruta USING gist (ruta);


--
-- Name: usuarios_usuario_email_0a82e5f9_like; Type: INDEX; Schema: public; Owner: postgres; Tablespace: 
--

CREATE INDEX usuarios_usuario_email_0a82e5f9_like ON usuarios_usuario USING btree (email varchar_pattern_ops);


--
-- Name: usuarios_usuario_groups_group_id_e77f6dcf; Type: INDEX; Schema: public; Owner: postgres; Tablespace: 
--

CREATE INDEX usuarios_usuario_groups_group_id_e77f6dcf ON usuarios_usuario_groups USING btree (group_id);


--
-- Name: usuarios_usuario_groups_usuario_id_7a34077f; Type: INDEX; Schema: public; Owner: postgres; Tablespace: 
--

CREATE INDEX usuarios_usuario_groups_usuario_id_7a34077f ON usuarios_usuario_groups USING btree (usuario_id);


--
-- Name: usuarios_usuario_user_permissions_permission_id_4e5c0f2f; Type: INDEX; Schema: public; Owner: postgres; Tablespace: 
--

CREATE INDEX usuarios_usuario_user_permissions_permission_id_4e5c0f2f ON usuarios_usuario_user_permissions USING btree (permission_id);


--
-- Name: usuarios_usuario_user_permissions_usuario_id_60aeea80; Type: INDEX; Schema: public; Owner: postgres; Tablespace: 
--

CREATE INDEX usuarios_usuario_user_permissions_usuario_id_60aeea80 ON usuarios_usuario_user_permissions USING btree (usuario_id);


--
-- Name: usuarios_usuario_username_be9def2b_like; Type: INDEX; Schema: public; Owner: postgres; Tablespace: 
--

CREATE INDEX usuarios_usuario_username_be9def2b_like ON usuarios_usuario USING btree (username varchar_pattern_ops);


--
-- Name: auth_group_permissio_permission_id_84c5c92e_fk_auth_perm; Type: FK CONSTRAINT; Schema: public; Owner: postgres
--

ALTER TABLE ONLY auth_group_permissions
    ADD CONSTRAINT auth_group_permissio_permission_id_84c5c92e_fk_auth_perm FOREIGN KEY (permission_id) REFERENCES auth_permission(id) DEFERRABLE INITIALLY DEFERRED;


--
-- Name: auth_group_permissions_group_id_b120cbf9_fk_auth_group_id; Type: FK CONSTRAINT; Schema: public; Owner: postgres
--

ALTER TABLE ONLY auth_group_permissions
    ADD CONSTRAINT auth_group_permissions_group_id_b120cbf9_fk_auth_group_id FOREIGN KEY (group_id) REFERENCES auth_group(id) DEFERRABLE INITIALLY DEFERRED;


--
-- Name: auth_permission_content_type_id_2f476e4b_fk_django_co; Type: FK CONSTRAINT; Schema: public; Owner: postgres
--

ALTER TABLE ONLY auth_permission
    ADD CONSTRAINT auth_permission_content_type_id_2f476e4b_fk_django_co FOREIGN KEY (content_type_id) REFERENCES django_content_type(id) DEFERRABLE INITIALLY DEFERRED;


--
-- Name: django_admin_log_content_type_id_c4bce8eb_fk_django_co; Type: FK CONSTRAINT; Schema: public; Owner: postgres
--

ALTER TABLE ONLY django_admin_log
    ADD CONSTRAINT django_admin_log_content_type_id_c4bce8eb_fk_django_co FOREIGN KEY (content_type_id) REFERENCES django_content_type(id) DEFERRABLE INITIALLY DEFERRED;


--
-- Name: django_admin_log_user_id_c564eba6_fk_usuarios_usuario_id; Type: FK CONSTRAINT; Schema: public; Owner: postgres
--

ALTER TABLE ONLY django_admin_log
    ADD CONSTRAINT django_admin_log_user_id_c564eba6_fk_usuarios_usuario_id FOREIGN KEY (user_id) REFERENCES usuarios_usuario(id) DEFERRABLE INITIALLY DEFERRED;


--
-- Name: novedad_novedad_creado_por_id_8a38ddc4_fk_usuarios_usuario_id; Type: FK CONSTRAINT; Schema: public; Owner: postgres
--

ALTER TABLE ONLY novedad_novedad
    ADD CONSTRAINT novedad_novedad_creado_por_id_8a38ddc4_fk_usuarios_usuario_id FOREIGN KEY (creado_por_id) REFERENCES usuarios_usuario(id) DEFERRABLE INITIALLY DEFERRED;


--
-- Name: novedad_novedad_linea_id_e7f526e3_fk_linea_linea_id; Type: FK CONSTRAINT; Schema: public; Owner: postgres
--

ALTER TABLE ONLY novedad_novedad
    ADD CONSTRAINT novedad_novedad_linea_id_e7f526e3_fk_linea_linea_id FOREIGN KEY (linea_id) REFERENCES linea_linea(id) DEFERRABLE INITIALLY DEFERRED;


--
-- Name: parada_parada_linea_id_b5f219ad_fk_linea_linea_id; Type: FK CONSTRAINT; Schema: public; Owner: postgres
--

ALTER TABLE ONLY parada_parada
    ADD CONSTRAINT parada_parada_linea_id_b5f219ad_fk_linea_linea_id FOREIGN KEY (linea_id) REFERENCES linea_linea(id) DEFERRABLE INITIALLY DEFERRED;


--
-- Name: parada_parada_ruta_id_29699c63_fk_ruta_ruta_id; Type: FK CONSTRAINT; Schema: public; Owner: postgres
--

ALTER TABLE ONLY parada_parada
    ADD CONSTRAINT parada_parada_ruta_id_29699c63_fk_ruta_ruta_id FOREIGN KEY (ruta_id) REFERENCES ruta_ruta(id) DEFERRABLE INITIALLY DEFERRED;


--
-- Name: reclamo_reclamo_creado_por_id_c6a36171_fk_usuarios_usuario_id; Type: FK CONSTRAINT; Schema: public; Owner: postgres
--

ALTER TABLE ONLY reclamo_reclamo
    ADD CONSTRAINT reclamo_reclamo_creado_por_id_c6a36171_fk_usuarios_usuario_id FOREIGN KEY (creado_por_id) REFERENCES usuarios_usuario(id) DEFERRABLE INITIALLY DEFERRED;


--
-- Name: reclamo_reclamo_linea_id_66f4b21d_fk_linea_linea_id; Type: FK CONSTRAINT; Schema: public; Owner: postgres
--

ALTER TABLE ONLY reclamo_reclamo
    ADD CONSTRAINT reclamo_reclamo_linea_id_66f4b21d_fk_linea_linea_id FOREIGN KEY (linea_id) REFERENCES linea_linea(id) DEFERRABLE INITIALLY DEFERRED;


--
-- Name: ruta_ruta_linea_id_565bb383_fk_linea_linea_id; Type: FK CONSTRAINT; Schema: public; Owner: postgres
--

ALTER TABLE ONLY ruta_ruta
    ADD CONSTRAINT ruta_ruta_linea_id_565bb383_fk_linea_linea_id FOREIGN KEY (linea_id) REFERENCES linea_linea(id) DEFERRABLE INITIALLY DEFERRED;


--
-- Name: usuarios_usuario_gro_usuario_id_7a34077f_fk_usuarios_; Type: FK CONSTRAINT; Schema: public; Owner: postgres
--

ALTER TABLE ONLY usuarios_usuario_groups
    ADD CONSTRAINT usuarios_usuario_gro_usuario_id_7a34077f_fk_usuarios_ FOREIGN KEY (usuario_id) REFERENCES usuarios_usuario(id) DEFERRABLE INITIALLY DEFERRED;


--
-- Name: usuarios_usuario_groups_group_id_e77f6dcf_fk_auth_group_id; Type: FK CONSTRAINT; Schema: public; Owner: postgres
--

ALTER TABLE ONLY usuarios_usuario_groups
    ADD CONSTRAINT usuarios_usuario_groups_group_id_e77f6dcf_fk_auth_group_id FOREIGN KEY (group_id) REFERENCES auth_group(id) DEFERRABLE INITIALLY DEFERRED;


--
-- Name: usuarios_usuario_use_permission_id_4e5c0f2f_fk_auth_perm; Type: FK CONSTRAINT; Schema: public; Owner: postgres
--

ALTER TABLE ONLY usuarios_usuario_user_permissions
    ADD CONSTRAINT usuarios_usuario_use_permission_id_4e5c0f2f_fk_auth_perm FOREIGN KEY (permission_id) REFERENCES auth_permission(id) DEFERRABLE INITIALLY DEFERRED;


--
-- Name: usuarios_usuario_use_usuario_id_60aeea80_fk_usuarios_; Type: FK CONSTRAINT; Schema: public; Owner: postgres
--

ALTER TABLE ONLY usuarios_usuario_user_permissions
    ADD CONSTRAINT usuarios_usuario_use_usuario_id_60aeea80_fk_usuarios_ FOREIGN KEY (usuario_id) REFERENCES usuarios_usuario(id) DEFERRABLE INITIALLY DEFERRED;


--
-- Name: public; Type: ACL; Schema: -; Owner: postgres
--

REVOKE ALL ON SCHEMA public FROM PUBLIC;
REVOKE ALL ON SCHEMA public FROM postgres;
GRANT ALL ON SCHEMA public TO postgres;
GRANT ALL ON SCHEMA public TO PUBLIC;


--
-- PostgreSQL database dump complete
--

